book_id,page_id,header_id,type,ref_id
2,2,-1,in_header_text,١
2,2,-1,in_header_text,٢
2,2,-1,in_header_text,٣
2,2,-1,in_header_text,٤
2,2,-1,in_header_text,٥
2,2,-1,in_header_text,٦
2,2,-1,in_header_text,٧
2,2,-1,in_header_text,٨
2,2,-1,in_header_text,٩
2,2,-1,in_header_text,١٠
2,8,-1,in_header_text,١
2,8,-1,in_header_text,٢
2,9,-1,in_header_text,١
2,17,8,in_header_text,١
2,17,8,in_header_text,٢
2,18,-1,in_header_text,١
2,18,-1,in_header_text,٢
2,18,-1,in_header_text,٣
2,18,-1,in_header_text,٤
2,18,-1,in_header_text,٥
2,19,-1,in_header_text,١
2,19,-1,in_header_text,٢
2,19,-1,in_header_text,٣
2,19,-1,in_header_text,٤
2,19,-1,in_header_text,٥
2,19,-1,in_header_text,٦
2,19,-1,in_header_text,٧
2,20,-1,in_header_text,١
2,20,-1,in_header_text,٢
2,20,-1,in_header_text,٣
2,20,-1,in_header_text,٤
2,21,11,in_header_text,١
2,21,11,in_header_text,٢
2,21,12,in_header_text,٣
2,22,-1,in_header_text,١
2,22,-1,in_header_text,٢
2,23,-1,in_header_text,١
2,23,-1,in_header_text,٢
2,24,-1,in_header_text,١
2,25,-1,in_header_text,١
2,25,-1,in_header_text,٢
2,25,-1,in_header_text,٣
2,26,-1,in_header_text,١
2,26,-1,in_header_text,٢
2,26,-1,in_header_text,٣
2,26,-1,in_header_text,٤
2,26,-1,in_header_text,٥
2,27,-1,in_header_text,١
2,27,-1,in_header_text,٢
2,27,-1,in_header_text,٣
2,27,-1,in_header_text,٤
2,28,-1,in_header_text,١
2,28,-1,in_header_text,٢
2,28,-1,in_header_text,٣
2,29,-1,in_header_text,١
2,30,-1,in_header_text,١
2,30,-1,in_header_text,٢
2,30,-1,in_header_text,٣
2,31,-1,in_header_text,١
2,31,-1,in_header_text,٢
2,31,-1,in_header_text,٣
2,32,-1,in_header_text,١
2,32,-1,in_header_text,٢
2,32,-1,in_header_text,٣
2,32,-1,in_header_text,٤
2,33,15,in_header_title,٤
2,34,16,in_header_text,٢
2,34,16,in_header_text,٣
2,34,16,in_header_text,٤
2,34,16,in_header_text,٥
2,34,16,in_header_text,٦
2,34,16,in_header_text,٧
2,34,16,in_header_title,١
2,35,-1,in_header_text,١
2,35,-1,in_header_text,٢
2,35,-1,in_header_text,٣
2,36,18,in_header_text,٢
2,36,18,in_header_text,٣
2,36,18,in_header_title,١
2,37,19,in_header_text,٢
2,37,19,in_header_text,٣
2,37,19,in_header_text,٤
2,37,19,in_header_text,٥
2,37,19,in_header_title,١
2,38,-1,in_header_text,١
2,38,-1,in_header_text,٢
2,38,-1,in_header_text,٣
2,38,-1,in_header_text,٤
2,38,-1,in_header_text,٥
2,38,-1,in_header_text,٦
2,38,-1,in_header_text,٧
2,39,19,in_header_text,١
2,39,19,in_header_text,٢
2,39,20,in_header_text,٤
2,39,20,in_header_title,٣
2,40,-1,in_header_text,١
2,40,-1,in_header_text,٢
2,40,-1,in_header_text,٣
2,40,-1,in_header_text,٤
2,40,-1,in_header_text,٥
2,40,-1,in_header_text,٦
2,41,21,in_header_text,٢
2,41,21,in_header_text,٣
2,41,21,in_header_text,٤
2,41,21,in_header_text,٥
2,41,21,in_header_text,٦
2,41,21,in_header_text,٧
2,41,21,in_header_text,٨
2,41,21,in_header_title,١
2,41,22,in_header_text,٩
2,41,22,in_header_text,١٠
2,42,-1,in_header_text,١
2,43,-1,in_header_text,١
2,43,-1,in_header_text,٢
2,45,-1,in_header_text,١
2,45,-1,in_header_text,٢
2,46,22,in_header_text,١
2,46,22,in_header_text,٢
2,46,22,in_header_text,٣
2,46,22,in_header_text,٤
2,46,23,in_header_title,٥
2,47,-1,in_header_text,١
2,47,-1,in_header_text,٢
2,48,-1,in_header_text,١
2,48,-1,in_header_text,٢
2,48,-1,in_header_text,٣
2,48,-1,in_header_text,٤
2,48,-1,in_header_text,٥
2,48,-1,in_header_text,٦
2,48,-1,in_header_text,٧
2,49,-1,in_header_text,١
2,49,-1,in_header_text,٢
2,49,-1,in_header_text,٣
2,49,-1,in_header_text,٤
2,50,24,in_header_text,٢
2,50,24,in_header_text,٣
2,50,24,in_header_text,٤
2,50,24,in_header_text,٥
2,50,24,in_header_title,١
2,51,-1,in_header_text,١
2,53,-1,in_header_text,١
2,54,-1,in_header_text,١
2,54,-1,in_header_text,٢
2,55,-1,in_header_text,١
2,55,-1,in_header_text,٢
2,55,-1,in_header_text,٣
2,55,-1,in_header_text,٤
2,56,-1,in_header_text,١
2,56,-1,in_header_text,٢
2,56,-1,in_header_text,٣
2,56,-1,in_header_text,٤
2,56,-1,in_header_text,٥
2,56,-1,in_header_text,٦
2,56,-1,in_header_text,٧
2,57,25,in_header_text,٢
2,57,25,in_header_text,٣
2,57,25,in_header_text,٤
2,57,25,in_header_text,٥
2,57,25,in_header_title,١
2,58,26,in_header_text,٢
2,58,26,in_header_text,٣
2,58,26,in_header_text,٤
2,58,26,in_header_text,٥
2,58,26,in_header_text,٦
2,58,26,in_header_text,٧
2,58,26,in_header_title,١
2,59,27,in_header_text,٢
2,59,27,in_header_text,٣
2,59,27,in_header_text,٤
2,59,27,in_header_text,٥
2,59,27,in_header_text,٦
2,59,27,in_header_text,٧
2,59,27,in_header_text,٨
2,59,27,in_header_text,٩
2,59,27,in_header_text,١٠
2,59,27,in_header_text,١١
2,59,27,in_header_text,١٢
2,59,27,in_header_title,١
2,60,-1,in_header_text,١
2,60,-1,in_header_text,٢
2,60,-1,in_header_text,٣
2,60,-1,in_header_text,٤
2,60,-1,in_header_text,٥
2,60,-1,in_header_text,٦
2,60,-1,in_header_text,٧
2,60,-1,in_header_text,٨
2,61,-1,in_header_text,١
2,61,-1,in_header_text,٢
2,61,-1,in_header_text,٣
2,61,-1,in_header_text,٤
2,61,-1,in_header_text,٥
2,61,-1,in_header_text,٦
2,61,-1,in_header_text,٧
2,62,-1,in_header_text,١
2,62,-1,in_header_text,٢
2,62,-1,in_header_text,٣
2,62,-1,in_header_text,٤
2,62,-1,in_header_text,٥
2,62,-1,in_header_text,٦
2,62,-1,in_header_text,٧
2,62,-1,in_header_text,٨
2,63,-1,in_header_text,١
2,63,-1,in_header_text,٢
2,63,-1,in_header_text,٣
2,64,-1,in_header_text,١
2,65,-1,in_header_text,١
2,65,-1,in_header_text,٢
2,65,-1,in_header_text,٣
2,65,-1,in_header_text,٤
2,66,29,in_header_text,١
2,66,29,in_header_text,٢
2,67,-1,in_header_text,١
2,67,-1,in_header_text,٢
2,68,-1,in_header_text,١
2,68,-1,in_header_text,٢
2,68,-1,in_header_text,٣
2,69,-1,in_header_text,١
2,69,-1,in_header_text,٢
2,70,33,in_header_title,٢
2,71,-1,in_header_text,١
2,72,-1,in_header_text,٢
2,72,-1,in_header_text,٣
2,72,-1,in_header_text,٤
2,72,-1,in_header_text,٥
2,72,-1,in_header_text,٦
2,73,-1,in_header_text,١
2,73,-1,in_header_text,٢
2,73,-1,in_header_text,٣
2,73,-1,in_header_text,٤
2,73,-1,in_header_text,٥
2,76,-1,in_header_text,١
2,77,-1,in_header_text,١
2,77,-1,in_header_text,٢
2,77,-1,in_header_text,٣
2,78,-1,in_header_text,١
2,79,-1,in_header_text,١
2,79,-1,in_header_text,٢
2,79,-1,in_header_text,٣
2,79,-1,in_header_text,٤
2,79,-1,in_header_text,٥
2,79,-1,in_header_text,٦
2,79,-1,in_header_text,٧
2,79,-1,in_header_text,٨
2,79,-1,in_header_text,٩
2,79,-1,in_header_text,١٠
2,79,-1,in_header_text,١١
2,80,-1,in_header_text,١
2,80,-1,in_header_text,٢
2,80,-1,in_header_text,٣
2,80,-1,in_header_text,٤
2,81,-1,in_header_text,١
2,81,-1,in_header_text,٢
2,81,-1,in_header_text,٣
2,81,-1,in_header_text,٤
2,81,-1,in_header_text,٥
2,81,-1,in_header_text,٦
2,81,-1,in_header_text,٧
2,81,-1,in_header_text,٨
2,81,-1,in_header_text,٩
2,81,-1,in_header_text,١٠
2,81,-1,in_header_text,١١
2,81,-1,in_header_text,١٢
2,82,-1,in_header_text,١
2,82,-1,in_header_text,٢
2,82,-1,in_header_text,٣
2,82,-1,in_header_text,٤
2,86,-1,in_header_text,١
2,87,-1,in_header_text,١
2,87,-1,in_header_text,٢
2,87,-1,in_header_text,٣
2,87,-1,in_header_text,٤
2,87,-1,in_header_text,٥
2,87,-1,in_header_text,٦
2,87,-1,in_header_text,٧
2,87,-1,in_header_text,٨
2,88,-1,in_header_text,١
2,88,-1,in_header_text,٢
2,88,-1,in_header_text,٣
2,88,-1,in_header_text,٤
2,88,-1,in_header_text,٥
2,88,-1,in_header_text,٦
2,89,-1,in_header_text,١
2,89,-1,in_header_text,٢
2,89,-1,in_header_text,٣
2,89,-1,in_header_text,٤
2,90,-1,in_header_text,١
2,90,-1,in_header_text,٢
2,90,-1,in_header_text,٣
2,90,-1,in_header_text,٤
2,90,-1,in_header_text,٥
2,90,-1,in_header_text,٦
2,91,-1,in_header_text,١
2,91,-1,in_header_text,٢
2,91,-1,in_header_text,٣
2,91,-1,in_header_text,٤
2,91,-1,in_header_text,٥
2,91,-1,in_header_text,٦
2,92,-1,in_header_text,١
2,92,-1,in_header_text,٢
2,93,-1,in_header_text,١
2,93,-1,in_header_text,٢
2,93,-1,in_header_text,٣
2,93,-1,in_header_text,٤
2,93,-1,in_header_text,٥
2,93,-1,in_header_text,٦
2,94,-1,in_header_text,١
2,98,-1,in_header_text,١
2,99,-1,in_header_text,١
2,99,-1,in_header_text,٢
2,99,-1,in_header_text,٣
2,99,-1,in_header_text,٤
2,99,-1,in_header_text,٥
2,99,-1,in_header_text,٦
2,100,-1,in_header_text,١
2,100,-1,in_header_text,٢
2,101,-1,in_header_text,١
2,101,-1,in_header_text,٢
2,101,-1,in_header_text,٣
2,101,-1,in_header_text,٤
2,102,-1,in_header_text,١
2,102,-1,in_header_text,٢
2,102,-1,in_header_text,٣
2,102,-1,in_header_text,٤
2,102,-1,in_header_text,٥
2,102,-1,in_header_text,٦
2,103,-1,in_header_text,١
2,103,-1,in_header_text,٢
2,103,-1,in_header_text,٣
2,103,-1,in_header_text,٤
2,104,-1,in_header_text,١
2,104,-1,in_header_text,٢
2,104,-1,in_header_text,٣
2,104,-1,in_header_text,٤
2,104,-1,in_header_text,٥
2,104,-1,in_header_text,٦
2,104,-1,in_header_text,٧
2,105,-1,in_header_text,١
2,105,-1,in_header_text,٢
2,105,-1,in_header_text,٣
2,105,-1,in_header_text,٤
2,105,-1,in_header_text,٥
2,106,-1,in_header_text,١
2,106,-1,in_header_text,٢
2,106,-1,in_header_text,٣
2,106,-1,in_header_text,٤
2,106,-1,in_header_text,٥
2,106,-1,in_header_text,٦
2,106,-1,in_header_text,٧
2,107,-1,in_header_text,١
2,107,-1,in_header_text,٢
2,107,-1,in_header_text,٣
2,107,-1,in_header_text,٤
2,107,-1,in_header_text,٥
2,107,-1,in_header_text,٦
2,108,-1,in_header_text,١
2,108,-1,in_header_text,٢
2,108,-1,in_header_text,٣
2,108,-1,in_header_text,٤
2,108,-1,in_header_text,٥
2,108,-1,in_header_text,٦
2,108,-1,in_header_text,٧
2,108,-1,in_header_text,٨
2,108,-1,in_header_text,٩
2,108,-1,in_header_text,١٠
2,108,-1,in_header_text,١١
2,109,-1,in_header_text,١
2,109,-1,in_header_text,٢
2,109,-1,in_header_text,٣
2,110,-1,in_header_text,١
2,110,-1,in_header_text,٢
2,110,-1,in_header_text,٣
2,110,-1,in_header_text,٤
2,110,-1,in_header_text,٥
2,110,-1,in_header_text,٦
2,110,-1,in_header_text,٧
2,110,-1,in_header_text,٨
2,111,-1,in_header_text,١
2,111,-1,in_header_text,٢
2,111,-1,in_header_text,٣
2,111,-1,in_header_text,٤
2,112,-1,in_header_text,١
2,112,-1,in_header_text,٢
2,112,-1,in_header_text,٣
2,112,-1,in_header_text,٤
2,112,-1,in_header_text,٥
2,112,-1,in_header_text,٦
2,113,-1,in_header_text,١
2,113,-1,in_header_text,٢
2,114,38,in_header_text,١
2,114,39,in_header_text,٢
2,114,39,in_header_text,٣
2,114,39,in_header_text,٤
2,114,39,in_header_text,٥
2,114,39,in_header_text,٦
2,114,39,in_header_text,٧
2,114,39,in_header_text,٨
2,114,39,in_header_text,٩
2,114,39,in_header_text,١٠
2,115,-1,in_header_text,١
2,115,-1,in_header_text,٢
2,115,-1,in_header_text,٣
2,115,-1,in_header_text,٤
2,115,-1,in_header_text,٥
2,115,-1,in_header_text,٦
2,115,-1,in_header_text,٧
2,115,-1,in_header_text,٨
2,115,-1,in_header_text,٩
2,116,-1,in_header_text,١
2,116,-1,in_header_text,٢
2,116,-1,in_header_text,٣
2,116,-1,in_header_text,٤
2,116,-1,in_header_text,٥
2,116,-1,in_header_text,٦
2,116,-1,in_header_text,٧
2,116,-1,in_header_text,٨
2,116,-1,in_header_text,٩
2,117,-1,in_header_text,١
2,117,-1,in_header_text,٢
2,117,-1,in_header_text,٣
2,117,-1,in_header_text,٤
2,117,-1,in_header_text,٥
2,117,-1,in_header_text,٦
2,117,-1,in_header_text,٧
2,117,-1,in_header_text,٨
2,117,-1,in_header_text,٩
2,118,-1,in_header_text,١
2,118,-1,in_header_text,٢
2,118,-1,in_header_text,٣
2,118,-1,in_header_text,٤
2,118,-1,in_header_text,٥
2,119,-1,in_header_text,١
2,119,-1,in_header_text,٢
2,119,-1,in_header_text,٣
2,119,-1,in_header_text,٤
2,119,-1,in_header_text,٥
2,119,-1,in_header_text,٦
2,120,39,in_header_text,١
2,120,40,in_header_text,٢
2,120,40,in_header_text,٣
2,120,40,in_header_text,٤
2,120,40,in_header_text,٥
2,120,40,in_header_text,٦
2,120,40,in_header_text,٧
2,121,-1,in_header_text,١
2,121,-1,in_header_text,٢
2,121,-1,in_header_text,٣
2,121,-1,in_header_text,٤
2,121,-1,in_header_text,٥
2,121,-1,in_header_text,٦
2,121,-1,in_header_text,٧
2,121,-1,in_header_text,٨
2,121,-1,in_header_text,٩
2,122,-1,in_header_text,١
2,122,-1,in_header_text,٢
2,123,-1,in_header_text,١
2,123,-1,in_header_text,٢
2,123,-1,in_header_text,٣
2,123,-1,in_header_text,٤
2,123,-1,in_header_text,٥
2,123,-1,in_header_text,٦
2,123,-1,in_header_text,٧
2,123,-1,in_header_text,٨
2,123,-1,in_header_text,٩
2,123,-1,in_header_text,١٠
2,123,-1,in_header_text,١١
2,123,-1,in_header_text,١٢
2,123,-1,in_header_text,١٣
2,124,-1,in_header_text,١
2,124,-1,in_header_text,٢
2,124,-1,in_header_text,٣
2,124,-1,in_header_text,٤
2,124,-1,in_header_text,٥
2,124,-1,in_header_text,٦
2,124,-1,in_header_text,٧
2,124,-1,in_header_text,٨
2,124,-1,in_header_text,٩
2,124,-1,in_header_text,١٠
2,124,-1,in_header_text,١١
2,124,-1,in_header_text,١٢
2,124,-1,in_header_text,١٣
2,124,-1,in_header_text,١٤
2,124,-1,in_header_text,١٥
2,125,40,in_header_text,١
2,125,41,in_header_text,٢
2,125,41,in_header_text,٣
2,125,41,in_header_text,٤
2,125,41,in_header_text,٥
2,125,41,in_header_text,٦
2,125,41,in_header_text,٧
2,125,41,in_header_text,٨
2,125,41,in_header_text,٩
2,125,41,in_header_text,١٠
2,125,41,in_header_text,١١
2,125,41,in_header_text,١٢
2,126,-1,in_header_text,١
2,126,-1,in_header_text,٢
2,126,-1,in_header_text,٣
2,126,-1,in_header_text,٤
2,126,-1,in_header_text,٥
2,126,-1,in_header_text,٦
2,126,-1,in_header_text,٧
2,127,-1,in_header_text,١
2,127,-1,in_header_text,٢
2,127,-1,in_header_text,٣
2,127,-1,in_header_text,٤
2,127,-1,in_header_text,٥
2,127,-1,in_header_text,٦
2,127,-1,in_header_text,٧
2,127,-1,in_header_text,٨
2,128,41,in_header_text,١
2,128,42,in_header_text,٢
2,128,42,in_header_text,٣
2,128,42,in_header_text,٤
2,128,42,in_header_text,٥
2,128,42,in_header_text,٦
2,129,42,in_header_text,١
2,129,42,in_header_text,٢
2,130,-1,in_header_text,١
2,130,-1,in_header_text,٢
2,130,-1,in_header_text,٣
2,130,-1,in_header_text,٤
2,130,-1,in_header_text,٥
2,130,-1,in_header_text,٦
2,130,-1,in_header_text,٧
2,130,-1,in_header_text,٨
2,130,-1,in_header_text,٩
2,130,-1,in_header_text,١٠
2,130,-1,in_header_text,١١
2,131,43,in_header_text,١
2,131,43,in_header_text,٢
2,131,43,in_header_text,٣
2,131,43,in_header_text,٤
2,131,43,in_header_text,٥
2,132,-1,in_header_text,١
2,132,-1,in_header_text,٢
2,132,-1,in_header_text,٣
2,132,-1,in_header_text,٤
2,132,-1,in_header_text,٥
2,132,-1,in_header_text,٦
2,132,-1,in_header_text,٧
2,132,-1,in_header_text,٨
2,132,-1,in_header_text,٩
2,132,-1,in_header_text,١٠
2,132,-1,in_header_text,١١
2,133,-1,in_header_text,١
2,133,-1,in_header_text,٢
2,134,45,in_header_text,١
2,134,45,in_header_text,٢
2,134,45,in_header_text,٣
2,134,45,in_header_text,٤
2,134,45,in_header_text,٥
2,134,45,in_header_text,٦
2,134,45,in_header_text,٧
2,135,45,in_header_text,١
2,135,46,in_header_text,٢
2,135,46,in_header_text,٣
2,136,47,in_header_title,١
2,136,48,in_header_text,٢
2,136,49,in_header_text,٣
2,136,50,in_header_text,٤
2,136,50,in_header_text,٥
2,136,51,in_header_text,٦
2,136,52,in_header_text,٧
2,136,52,in_header_text,٨
2,137,-1,in_header_text,١
2,137,-1,in_header_text,٢
2,137,-1,in_header_text,٣
2,137,-1,in_header_text,٤
2,137,-1,in_header_text,٥
2,138,-1,in_header_text,١
2,138,-1,in_header_text,٢
2,138,-1,in_header_text,٣
2,138,-1,in_header_text,٤
2,138,-1,in_header_text,٥
2,138,-1,in_header_text,٦
2,138,-1,in_header_text,٧
2,139,-1,in_header_text,١
2,139,-1,in_header_text,٢
2,140,-1,in_header_text,١
2,140,-1,in_header_text,٢
2,140,-1,in_header_text,٣
2,140,-1,in_header_text,٤
2,140,-1,in_header_text,٥
2,141,-1,in_header_text,١
2,141,-1,in_header_text,٢
2,141,-1,in_header_text,٣
2,141,-1,in_header_text,٤
2,142,57,in_header_text,٢
2,142,57,in_header_title,١
2,143,62,in_header_text,١
2,143,62,in_header_text,٢
2,143,63,in_header_text,٣
2,143,63,in_header_text,٤
2,143,63,in_header_text,٥
2,143,63,in_header_text,٦
2,143,63,in_header_text,٧
2,143,63,in_header_text,٨
2,143,64,in_header_text,٩
2,143,64,in_header_text,١٠
2,144,65,in_header_text,١
2,144,65,in_header_text,٢
2,144,65,in_header_text,٣
2,144,66,in_header_text,٤
2,145,67,in_header_text,١
2,145,67,in_header_text,٢
2,145,67,in_header_text,٣
2,145,67,in_header_text,٤
2,145,68,in_header_title,٥
2,146,68,in_header_text,١
2,146,68,in_header_text,٢
2,146,69,in_header_text,٣
2,146,70,in_header_text,٤
2,146,70,in_header_text,٥
2,146,70,in_header_text,٦
2,147,72,in_header_text,١
2,147,72,in_header_text,٢
2,147,72,in_header_text,٣
2,147,72,in_header_text,٤
2,147,72,in_header_text,٥
2,148,-1,in_header_text,١
2,148,-1,in_header_text,٢
2,148,-1,in_header_text,٣
2,148,-1,in_header_text,٤
2,148,-1,in_header_text,٥
2,148,-1,in_header_text,٦
2,148,-1,in_header_text,٧
2,148,-1,in_header_text,٨
2,149,-1,in_header_text,١
2,149,-1,in_header_text,٢
2,149,-1,in_header_text,٣
2,149,-1,in_header_text,٤
2,149,-1,in_header_text,٥
2,149,-1,in_header_text,٦
2,150,-1,in_header_text,١
2,150,-1,in_header_text,٢
2,150,-1,in_header_text,٣
2,150,-1,in_header_text,٤
2,150,-1,in_header_text,٥
2,150,-1,in_header_text,٦
2,151,-1,in_header_text,١
2,151,-1,in_header_text,٢
2,151,-1,in_header_text,٣
2,151,-1,in_header_text,٤
2,151,-1,in_header_text,٥
2,152,72,in_header_text,١
2,152,72,in_header_text,٢
2,152,72,in_header_text,٣
2,152,72,in_header_text,٤
2,152,73,in_header_text,٥
2,152,73,in_header_text,٦
2,153,73,in_header_text,١
2,153,75,in_header_text,٢
2,153,76,in_header_text,٣
2,153,77,in_header_text,٤
2,153,77,in_header_text,٥
2,154,77,in_header_text,١
2,154,77,in_header_text,٢
2,154,79,in_header_text,٣
2,154,79,in_header_text,٤
2,154,79,in_header_text,٥
2,155,-1,in_header_text,١
2,155,-1,in_header_text,٢
2,155,-1,in_header_text,٣
2,155,-1,in_header_text,٤
2,156,79,in_header_text,١
2,156,80,in_header_text,٢
2,156,80,in_header_text,٣
2,156,81,in_header_text,٤
2,156,83,in_header_text,٥
2,157,84,in_header_text,١
2,157,84,in_header_text,٢
2,157,84,in_header_text,٣
2,157,85,in_header_text,٤
2,157,86,in_header_text,٥
2,158,86,in_header_text,١
2,158,86,in_header_text,٢
2,158,86,in_header_text,٣
2,158,86,in_header_text,٤
2,158,88,in_header_text,٥
2,158,89,in_header_text,٦
2,158,90,in_header_text,٧
2,158,92,in_header_text,٨
2,158,92,in_header_text,٩
2,158,92,in_header_text,١٠
2,159,93,in_header_text,٢
2,159,93,in_header_text,٣
2,159,93,in_header_text,٤
2,159,93,in_header_text,٥
2,159,93,in_header_text,٦
2,160,94,in_header_text,١
2,160,94,in_header_text,٢
2,160,94,in_header_text,٣
2,160,94,in_header_text,٤
2,160,94,in_header_text,٥
2,160,95,in_header_text,٦
2,160,95,in_header_text,٧
2,161,96,in_header_text,١
2,161,96,in_header_text,٢
2,161,96,in_header_text,٣
2,161,97,in_header_text,٤
2,161,98,in_header_text,٥
2,161,98,in_header_text,٦
2,162,99,in_header_text,١
2,162,99,in_header_text,٢
2,162,99,in_header_text,٣
2,162,99,in_header_text,٤
2,163,-1,in_header_text,١
2,163,-1,in_header_text,٢
2,163,-1,in_header_text,٣
2,164,-1,in_header_text,١
2,164,-1,in_header_text,٢
2,164,-1,in_header_text,٣
2,164,-1,in_header_text,٤
2,164,-1,in_header_text,٥
2,164,-1,in_header_text,٦
2,164,-1,in_header_text,٧
2,164,-1,in_header_text,٨
2,164,-1,in_header_text,٩
2,165,-1,in_header_text,١
2,166,-1,in_header_text,١
2,166,-1,in_header_text,٢
2,166,-1,in_header_text,٣
2,166,-1,in_header_text,٤
2,166,-1,in_header_text,٥
2,167,-1,in_header_text,١
2,167,-1,in_header_text,٢
2,167,-1,in_header_text,٣
2,167,-1,in_header_text,٤
2,168,-1,in_header_text,١
2,168,-1,in_header_text,٢
2,168,-1,in_header_text,٣
2,168,-1,in_header_text,٤
2,168,-1,in_header_text,٥
2,168,-1,in_header_text,٦
2,169,-1,in_header_text,١
2,169,-1,in_header_text,٢
2,169,-1,in_header_text,٣
2,169,-1,in_header_text,٤
2,169,-1,in_header_text,٥
2,169,-1,in_header_text,٦
2,169,-1,in_header_text,٧
2,169,-1,in_header_text,٨
2,169,-1,in_header_text,٩
2,170,99,in_header_text,١
2,170,100,in_header_text,٢
2,170,100,in_header_text,٣
2,170,100,in_header_text,٤
2,170,100,in_header_text,٥
2,170,100,in_header_text,٦
2,170,100,in_header_text,٧
2,171,-1,in_header_text,١
2,172,-1,in_header_text,١
2,172,-1,in_header_text,٢
2,173,-1,in_header_text,١
2,174,-1,in_header_text,١
2,174,-1,in_header_text,٢
2,174,-1,in_header_text,٣
2,174,-1,in_header_text,٤
2,175,-1,in_header_text,١
2,175,-1,in_header_text,٢
2,175,-1,in_header_text,٣
2,175,-1,in_header_text,٤
2,176,-1,in_header_text,١
2,177,-1,in_header_text,١
2,178,110,in_header_text,١
2,178,111,in_header_text,٢
2,178,111,in_header_text,٣
2,178,111,in_header_text,٤
2,178,112,in_header_text,٥
2,179,113,in_header_text,١
2,179,113,in_header_text,٢
2,179,113,in_header_text,٣
2,179,113,in_header_text,٤
2,179,113,in_header_text,٥
2,179,113,in_header_text,٦
2,179,114,in_header_text,٧
2,179,114,in_header_text,٨
2,179,114,in_header_text,٩
2,179,114,in_header_text,١٠
2,180,-1,in_header_text,١
2,180,-1,in_header_text,٢
2,180,-1,in_header_text,٣
2,180,-1,in_header_text,٤
2,180,-1,in_header_text,٥
2,180,-1,in_header_text,٦
2,180,-1,in_header_text,٧
2,180,-1,in_header_text,٨
2,180,-1,in_header_text,٩
2,181,-1,in_header_text,١
2,181,-1,in_header_text,٢
2,181,-1,in_header_text,٣
2,181,-1,in_header_text,٤
2,181,-1,in_header_text,٥
2,181,-1,in_header_text,٦
2,181,-1,in_header_text,٧
2,182,-1,in_header_text,١
2,182,-1,in_header_text,٢
2,182,-1,in_header_text,٣
2,182,-1,in_header_text,٤
2,182,-1,in_header_text,٥
2,182,-1,in_header_text,٦
2,184,-1,in_header_text,١
2,184,-1,in_header_text,٢
2,184,-1,in_header_text,٣
2,184,-1,in_header_text,٤
2,184,-1,in_header_text,٥
2,185,-1,in_header_text,١
2,185,-1,in_header_text,٢
2,185,-1,in_header_text,٣
2,185,-1,in_header_text,٤
2,185,-1,in_header_text,٥
2,185,-1,in_header_text,٦
2,185,-1,in_header_text,٧
2,186,-1,in_header_text,١
2,186,-1,in_header_text,٢
2,187,-1,in_header_text,١
2,187,-1,in_header_text,٢
2,187,-1,in_header_text,٣
2,187,-1,in_header_text,٤
2,187,-1,in_header_text,٥
2,187,-1,in_header_text,٦
2,187,-1,in_header_text,٧
2,188,-1,in_header_text,١
2,188,-1,in_header_text,٢
2,188,-1,in_header_text,٣
2,188,-1,in_header_text,٤
2,188,-1,in_header_text,٥
2,188,-1,in_header_text,٦
2,188,-1,in_header_text,٧
2,189,-1,in_header_text,١
2,189,-1,in_header_text,٢
2,189,-1,in_header_text,٣
2,189,-1,in_header_text,٤
2,189,-1,in_header_text,٥
2,190,115,in_header_text,١
2,190,115,in_header_text,٢
2,190,116,in_header_text,٣
2,190,116,in_header_text,٤
2,190,116,in_header_text,٥
2,190,116,in_header_text,٦
2,191,116,in_header_text,١
2,191,116,in_header_text,٢
2,191,117,in_header_text,٣
2,192,119,in_header_text,١
2,192,119,in_header_text,٢
2,192,119,in_header_text,٣
2,192,119,in_header_text,٤
2,192,120,in_header_text,٥
2,192,121,in_header_text,٦
2,192,121,in_header_text,٧
2,192,121,in_header_text,٨
2,192,122,in_header_text,٩
2,192,123,in_header_text,١٠
2,193,-1,in_header_text,١
2,193,-1,in_header_text,٢
2,193,-1,in_header_text,٣
2,193,-1,in_header_text,٤
2,193,-1,in_header_text,٥
2,193,-1,in_header_text,٦
2,194,-1,in_header_text,١
2,194,-1,in_header_text,٢
2,194,-1,in_header_text,٣
2,195,-1,in_header_text,١
2,195,-1,in_header_text,٢
2,195,-1,in_header_text,٣
2,195,-1,in_header_text,٤
2,195,-1,in_header_text,٥
2,195,-1,in_header_text,٦
2,195,-1,in_header_text,٧
2,195,-1,in_header_text,٨
2,196,-1,in_header_text,١
2,196,-1,in_header_text,٢
2,196,-1,in_header_text,٣
2,196,-1,in_header_text,٤
2,196,-1,in_header_text,٥
2,197,-1,in_header_text,١
2,197,-1,in_header_text,٢
2,197,-1,in_header_text,٣
2,198,123,in_header_text,١
2,198,123,in_header_text,٢
2,198,124,in_header_text,٣
2,198,124,in_header_text,٤
2,198,124,in_header_text,٥
2,199,-1,in_header_text,١
2,199,-1,in_header_text,٢
2,200,-1,in_header_text,١
2,200,-1,in_header_text,٢
2,200,-1,in_header_text,٣
2,200,-1,in_header_text,٤
2,200,-1,in_header_text,٥
2,200,-1,in_header_text,٦
2,201,124,in_header_text,١
2,201,124,in_header_text,٢
2,201,124,in_header_text,٣
2,201,124,in_header_text,٤
2,201,125,in_header_text,٥
2,201,125,in_header_text,٦
2,201,125,in_header_text,٧
2,202,126,in_header_text,١
2,202,126,in_header_text,٢
2,202,127,in_header_text,٣
2,202,127,in_header_text,٤
2,202,127,in_header_text,٥
2,203,-1,in_header_text,١
2,203,-1,in_header_text,٢
2,203,-1,in_header_text,٣
2,203,-1,in_header_text,٤
2,203,-1,in_header_text,٩٠
2,203,-1,in_header_text,٥
2,203,-1,in_header_text,٦
2,204,-1,in_header_text,١
2,204,-1,in_header_text,٢
2,204,-1,in_header_text,٨
2,204,-1,in_header_text,٣
2,204,-1,in_header_text,٤
2,204,-1,in_header_text,٥
2,205,-1,in_header_text,١
2,205,-1,in_header_text,٢
2,205,-1,in_header_text,٣
2,206,127,in_header_text,١
2,206,127,in_header_text,٢
2,206,128,in_header_text,٣
2,206,128,in_header_text,٤
2,207,-1,in_header_text,١
2,207,-1,in_header_text,٢
2,207,-1,in_header_text,٣
2,207,-1,in_header_text,٤
2,207,-1,in_header_text,٥
2,207,-1,in_header_text,٦
2,207,-1,in_header_text,٧
2,207,-1,in_header_text,٨
2,207,-1,in_header_text,٩
2,207,-1,in_header_text,١٠
2,207,-1,in_header_text,١١
2,207,-1,in_header_text,١٢
2,207,-1,in_header_text,١٣
2,207,-1,in_header_text,١٤
2,207,-1,in_header_text,١٥
2,207,-1,in_header_text,١٦
2,207,-1,in_header_text,١٧
2,208,-1,in_header_text,١
2,208,-1,in_header_text,٢
2,208,-1,in_header_text,٣
2,208,-1,in_header_text,٤
2,209,-1,in_header_text,١
2,209,-1,in_header_text,٢
2,209,-1,in_header_text,٣
2,209,-1,in_header_text,٤
2,209,-1,in_header_text,٥
2,209,-1,in_header_text,٦
2,209,-1,in_header_text,٧
2,209,-1,in_header_text,٨
2,209,-1,in_header_text,٩
2,210,-1,in_header_text,١
2,210,-1,in_header_text,٢
2,210,-1,in_header_text,٣
2,210,-1,in_header_text,٤
2,210,-1,in_header_text,٥
2,210,-1,in_header_text,٦
2,210,-1,in_header_text,٧
2,211,-1,in_header_text,١
2,211,-1,in_header_text,٢
2,211,-1,in_header_text,٣
2,211,-1,in_header_text,٤
2,211,-1,in_header_text,٥
2,212,-1,in_header_text,١
2,212,-1,in_header_text,٢
2,212,-1,in_header_text,٣
2,212,-1,in_header_text,٤
2,212,-1,in_header_text,٥
2,212,-1,in_header_text,٦
2,213,-1,in_header_text,١
2,213,-1,in_header_text,٢
2,213,-1,in_header_text,٣
2,213,-1,in_header_text,٤
2,213,-1,in_header_text,٥
2,213,-1,in_header_text,٦
2,214,-1,in_header_text,١
2,214,-1,in_header_text,٢
2,215,-1,in_header_text,١
2,215,-1,in_header_text,٢
2,215,-1,in_header_text,٣
2,215,-1,in_header_text,٤
2,215,-1,in_header_text,٥
2,216,-1,in_header_text,١
2,216,-1,in_header_text,٢
2,217,-1,in_header_text,١
2,217,-1,in_header_text,٢
2,217,-1,in_header_text,٣
2,218,-1,in_header_text,١
2,218,-1,in_header_text,٢
2,218,-1,in_header_text,٣
2,218,-1,in_header_text,٤
2,219,131,in_header_text,٨
2,220,-1,in_header_text,١
2,220,-1,in_header_text,٢
2,220,-1,in_header_text,٣
2,220,-1,in_header_text,٤
2,220,-1,in_header_text,٥
2,220,-1,in_header_text,٦
2,220,-1,in_header_text,٧
2,220,-1,in_header_text,٨
2,220,-1,in_header_text,٩
2,220,-1,in_header_text,١٠
2,220,-1,in_header_text,١١
2,220,-1,in_header_text,١٢
2,220,-1,in_header_text,١٣
2,220,-1,in_header_text,١٤
2,221,-1,in_header_text,١
2,221,-1,in_header_text,٢
2,221,-1,in_header_text,٣
2,221,-1,in_header_text,٤
2,221,-1,in_header_text,٥
2,221,-1,in_header_text,٦
2,221,-1,in_header_text,٧
2,221,-1,in_header_text,٨
2,221,-1,in_header_text,٩
2,221,-1,in_header_text,١٠
2,221,-1,in_header_text,١١
2,221,-1,in_header_text,١٢
2,222,-1,in_header_text,١
2,222,-1,in_header_text,٢
2,222,-1,in_header_text,٣
2,222,-1,in_header_text,٤
2,222,-1,in_header_text,٥
2,222,-1,in_header_text,٦
2,222,-1,in_header_text,٧
2,222,-1,in_header_text,٨
2,223,-1,in_header_text,١
2,223,-1,in_header_text,٢
2,223,-1,in_header_text,٣
2,223,-1,in_header_text,٤
2,223,-1,in_header_text,٥
2,223,-1,in_header_text,٦
2,223,-1,in_header_text,٧
2,223,-1,in_header_text,٨
2,223,-1,in_header_text,٩
2,223,-1,in_header_text,١٠
2,224,-1,in_header_text,١
2,224,-1,in_header_text,٢
2,224,-1,in_header_text,٣
2,224,-1,in_header_text,٤
2,224,-1,in_header_text,٥
2,224,-1,in_header_text,٦
2,224,-1,in_header_text,٧
2,224,-1,in_header_text,٨
2,225,-1,in_header_text,١
2,225,-1,in_header_text,٢
2,225,-1,in_header_text,٣
2,225,-1,in_header_text,٤
2,225,-1,in_header_text,٥
2,225,-1,in_header_text,٦
2,226,131,in_header_text,١
2,226,131,in_header_text,٢
2,226,133,in_header_text,٣
2,226,133,in_header_text,٤
2,226,133,in_header_text,٥
2,226,134,in_header_text,٦
2,226,134,in_header_text,٧
2,226,134,in_header_text,٨
2,226,134,in_header_text,٩
2,226,134,in_header_text,١٠
2,226,134,in_header_text,١١
2,226,134,in_header_text,١٢
2,226,134,in_header_text,١٣
2,227,-1,in_header_text,١
2,227,-1,in_header_text,٢
2,227,-1,in_header_text,٣
2,227,-1,in_header_text,٤
2,227,-1,in_header_text,٥
2,227,-1,in_header_text,٦
2,227,-1,in_header_text,٧
2,227,-1,in_header_text,٨
2,227,-1,in_header_text,٩
2,227,-1,in_header_text,١٠
2,228,-1,in_header_text,١
2,228,-1,in_header_text,٢
2,228,-1,in_header_text,٣
2,228,-1,in_header_text,٤
2,228,-1,in_header_text,٥
2,228,-1,in_header_text,٦
2,228,-1,in_header_text,٧
2,228,-1,in_header_text,٨
2,228,-1,in_header_text,٩
2,229,-1,in_header_text,١
2,229,-1,in_header_text,٢
2,229,-1,in_header_text,٣
2,229,-1,in_header_text,٤
2,229,-1,in_header_text,٥
2,229,-1,in_header_text,٦
2,229,-1,in_header_text,٧
2,229,-1,in_header_text,٨
2,229,-1,in_header_text,٩
2,229,-1,in_header_text,١٠
2,230,134,in_header_text,١
2,230,134,in_header_text,٢
2,230,134,in_header_text,٣
2,230,134,in_header_text,٤
2,230,135,in_header_text,٥
2,230,135,in_header_text,٦
2,231,135,in_header_text,١
2,231,136,in_header_text,٢
2,231,136,in_header_text,٣
2,231,136,in_header_text,٤
2,232,136,in_header_text,١
2,232,137,in_header_text,٢
2,232,137,in_header_text,٣
2,232,137,in_header_text,٤
2,232,137,in_header_text,٥
2,233,139,in_header_text,١
2,233,139,in_header_text,٢
2,233,139,in_header_text,٣
2,233,139,in_header_text,٤
2,233,140,in_header_text,٥
2,233,140,in_header_text,٦
2,233,140,in_header_text,٧
2,233,140,in_header_text,٨
2,233,140,in_header_text,٩
2,233,140,in_header_text,١٠
2,233,140,in_header_text,١١
2,233,140,in_header_text,١٢
2,233,140,in_header_text,١٣
2,233,140,in_header_text,١٤
2,233,140,in_header_text,١٥
2,233,140,in_header_text,١٦
2,234,-1,in_header_text,١
2,234,-1,in_header_text,٢
2,234,-1,in_header_text,٣
2,234,-1,in_header_text,٤
2,235,-1,in_header_text,١
2,235,-1,in_header_text,٢
2,235,-1,in_header_text,٣
2,236,-1,in_header_text,١
2,236,-1,in_header_text,٢
2,236,-1,in_header_text,٣
2,236,-1,in_header_text,٤
2,236,-1,in_header_text,٥
2,236,-1,in_header_text,٦
2,236,-1,in_header_text,٧
2,236,-1,in_header_text,٨
2,236,-1,in_header_text,٩
2,236,-1,in_header_text,١٠
2,236,-1,in_header_text,١١
2,236,-1,in_header_text,١٢
2,236,-1,in_header_text,١٣
2,237,-1,in_header_text,١
2,237,-1,in_header_text,٢
2,238,-1,in_header_text,١
2,239,-1,in_header_text,١
2,239,-1,in_header_text,٢
2,239,-1,in_header_text,٣
2,240,147,in_header_text,٢
2,240,147,in_header_text,٣
2,240,147,in_header_text,٤
2,240,147,in_header_text,٥
2,240,148,in_header_text,٦
2,240,149,in_header_text,٧
2,240,149,in_header_text,٨
2,241,-1,in_header_text,١
2,241,-1,in_header_text,٢
2,241,-1,in_header_text,٣
2,241,-1,in_header_text,٤
2,241,-1,in_header_text,٥
2,241,-1,in_header_text,٦
2,241,-1,in_header_text,٧
2,241,-1,in_header_text,٨
2,241,-1,in_header_text,٩
2,241,-1,in_header_text,١٠
2,241,-1,in_header_text,١١
2,242,-1,in_header_text,١
2,242,-1,in_header_text,٢
2,242,-1,in_header_text,٣
2,242,-1,in_header_text,٤
2,242,-1,in_header_text,٥
2,242,-1,in_header_text,٦
2,242,-1,in_header_text,٧
2,242,-1,in_header_text,٨
2,242,-1,in_header_text,٩
2,242,-1,in_header_text,١٠
2,243,-1,in_header_text,١
2,243,-1,in_header_text,٢
2,243,-1,in_header_text,٣
2,243,-1,in_header_text,٤
2,243,-1,in_header_text,٥
2,243,-1,in_header_text,٦
2,243,-1,in_header_text,٧
2,244,150,in_header_text,١
2,244,150,in_header_text,٢
2,244,150,in_header_text,٣
2,244,150,in_header_text,٤
2,245,-1,in_header_text,١
2,245,-1,in_header_text,٢
2,245,-1,in_header_text,٣
2,245,-1,in_header_text,٤
2,245,-1,in_header_text,٥
2,245,-1,in_header_text,٦
2,245,-1,in_header_text,٧
2,246,150,in_header_text,١
2,246,151,in_header_text,٢
2,246,151,in_header_text,٣
2,246,151,in_header_text,٤
2,246,151,in_header_text,٥
2,246,151,in_header_text,٦
2,246,151,in_header_text,٧
2,246,151,in_header_text,٨
2,246,151,in_header_text,٩
2,247,-1,in_header_text,١
2,247,-1,in_header_text,٢
2,247,-1,in_header_text,٣
2,247,-1,in_header_text,٤
2,247,-1,in_header_text,٥
2,247,-1,in_header_text,٦
2,247,-1,in_header_text,٧
2,247,-1,in_header_text,٨
2,247,-1,in_header_text,٩
2,247,-1,in_header_text,١٠
2,247,-1,in_header_text,١١
2,247,-1,in_header_text,١٢
2,247,-1,in_header_text,١٣
2,247,-1,in_header_text,١٤
2,247,-1,in_header_text,١٥
2,248,-1,in_header_text,١
2,248,-1,in_header_text,٢
2,248,-1,in_header_text,٣
2,248,-1,in_header_text,٤
2,248,-1,in_header_text,٥
2,248,-1,in_header_text,٦
2,248,-1,in_header_text,٧
2,248,-1,in_header_text,٨
2,248,-1,in_header_text,٩
2,249,-1,in_header_text,١
2,249,-1,in_header_text,٢
2,249,-1,in_header_text,٣
2,249,-1,in_header_text,٤
2,249,-1,in_header_text,٥
2,249,-1,in_header_text,٦
2,249,-1,in_header_text,٧
2,249,-1,in_header_text,٨
2,250,-1,in_header_text,١
2,250,-1,in_header_text,٢
2,250,-1,in_header_text,٣
2,250,-1,in_header_text,٤
2,251,151,in_header_text,١
2,251,151,in_header_text,٢
2,251,152,in_header_text,٣
2,251,152,in_header_text,٤
2,251,152,in_header_text,٥
2,251,152,in_header_text,٦
2,251,152,in_header_text,٧
2,253,-1,in_header_text,١
2,253,-1,in_header_text,٢
2,254,158,in_header_text,١
2,255,-1,in_header_text,١
2,256,-1,in_header_text,١
2,257,161,in_header_text,١
2,258,164,in_header_text,٤
2,258,164,in_header_text,٥
2,258,164,in_header_text,٦
2,258,164,in_header_text,٧
2,258,164,in_header_text,٨
2,258,164,in_header_text,٩
2,258,164,in_header_text,١٠
2,258,164,in_header_title,٢
2,258,164,in_header_title,٣
2,259,-1,in_header_text,١
2,259,-1,in_header_text,٢
2,259,-1,in_header_text,٣
2,259,-1,in_header_text,٤
2,259,-1,in_header_text,٥
2,259,-1,in_header_text,٦
2,259,-1,in_header_text,٧
2,259,-1,in_header_text,٨
2,259,-1,in_header_text,٩
2,259,-1,in_header_text,١٠
2,260,-1,in_header_text,١
2,260,-1,in_header_text,٢
2,260,-1,in_header_text,٣
2,260,-1,in_header_text,٤
2,260,-1,in_header_text,٥
2,260,-1,in_header_text,٦
2,261,-1,in_header_text,١
2,261,-1,in_header_text,٢
2,261,-1,in_header_text,٣
2,261,-1,in_header_text,٤
2,261,-1,in_header_text,٥
2,261,-1,in_header_text,٦
2,261,-1,in_header_text,٧
2,262,-1,in_header_text,١
2,262,-1,in_header_text,٢
2,262,-1,in_header_text,٣
2,262,-1,in_header_text,٤
2,262,-1,in_header_text,٥
2,262,-1,in_header_text,٦
2,262,-1,in_header_text,٧
2,263,-1,in_header_text,١
2,263,-1,in_header_text,٢
2,263,-1,in_header_text,٣
2,263,-1,in_header_text,٤
2,263,-1,in_header_text,٥
2,263,-1,in_header_text,٦
2,263,-1,in_header_text,٧
2,264,-1,in_header_text,١
2,264,-1,in_header_text,٢
2,264,-1,in_header_text,٣
2,265,164,in_header_text,١
2,265,165,in_header_text,٢
2,265,165,in_header_text,٣
2,265,165,in_header_text,٤
2,265,165,in_header_text,٥
2,265,165,in_header_text,٦
2,266,-1,in_header_text,١
2,266,-1,in_header_text,٢
2,266,-1,in_header_text,٣
2,266,-1,in_header_text,٤
2,266,-1,in_header_text,٥
2,266,-1,in_header_text,٦
2,266,-1,in_header_text,٧
2,267,165,in_header_text,١
2,267,166,in_header_text,٢
2,267,166,in_header_text,٣
2,267,166,in_header_text,٤
2,267,166,in_header_text,٥
2,267,166,in_header_text,٦
2,267,166,in_header_text,٧
2,268,-1,in_header_text,١
2,268,-1,in_header_text,٢
2,268,-1,in_header_text,٣
2,268,-1,in_header_text,٤
2,268,-1,in_header_text,٥
2,268,-1,in_header_text,٦
2,269,166,in_header_text,١
2,269,166,in_header_text,٢
2,269,166,in_header_text,٣
2,269,167,in_header_text,٤
2,269,167,in_header_text,٥
2,269,167,in_header_text,٦
2,270,167,in_header_text,١
2,270,167,in_header_text,٢
2,270,167,in_header_text,٣
2,270,167,in_header_text,٤
2,270,167,in_header_text,٥
2,271,-1,in_header_text,١
2,271,-1,in_header_text,٢
2,271,-1,in_header_text,٣
2,271,-1,in_header_text,٤
2,271,-1,in_header_text,٥
2,271,-1,in_header_text,٦
2,271,-1,in_header_text,٧
2,271,-1,in_header_text,٨
2,272,169,in_header_text,١
2,272,169,in_header_text,٢
2,272,170,in_header_text,٣
2,273,-1,in_header_text,١
2,273,-1,in_header_text,٢
2,273,-1,in_header_text,٣
2,273,-1,in_header_text,٤
2,273,-1,in_header_text,٥
2,274,-1,in_header_text,١
2,275,-1,in_header_text,١
2,275,-1,in_header_text,٢
2,275,-1,in_header_text,٣
2,275,-1,in_header_text,٤
2,275,-1,in_header_text,٥
2,276,-1,in_header_text,١
2,276,-1,in_header_text,٢
2,276,-1,in_header_text,٣
2,276,-1,in_header_text,٤
2,277,178,in_header_text,٢
2,277,178,in_header_text,٣
2,277,178,in_header_text,٤
2,277,178,in_header_text,٥
2,277,178,in_header_text,٦
2,277,178,in_header_text,٧
2,277,178,in_header_text,٨
2,277,178,in_header_text,٩
2,277,178,in_header_text,١٠
2,278,-1,in_header_text,١
2,278,-1,in_header_text,٢
2,278,-1,in_header_text,٣
2,278,-1,in_header_text,٤
2,278,-1,in_header_text,٥
2,278,-1,in_header_text,٦
2,278,-1,in_header_text,٧
2,278,-1,in_header_text,٨
2,278,-1,in_header_text,٩
2,278,-1,in_header_text,١٠
2,278,-1,in_header_text,١١
2,279,-1,in_header_text,١
2,279,-1,in_header_text,٢
2,279,-1,in_header_text,٣
2,279,-1,in_header_text,٤
2,279,-1,in_header_text,٥
2,279,-1,in_header_text,٦
2,279,-1,in_header_text,٧
2,279,-1,in_header_text,٨
2,279,-1,in_header_text,٩
2,279,-1,in_header_text,١٠
2,280,-1,in_header_text,١
2,280,-1,in_header_text,٢
2,280,-1,in_header_text,٣
2,280,-1,in_header_text,٤
2,280,-1,in_header_text,٥
2,280,-1,in_header_text,٦
2,280,-1,in_header_text,٧
2,280,-1,in_header_text,٨
2,280,-1,in_header_text,٩
2,281,-1,in_header_text,١
2,281,-1,in_header_text,٢
2,281,-1,in_header_text,٣
2,281,-1,in_header_text,٤
2,281,-1,in_header_text,٥
2,281,-1,in_header_text,٦
2,281,-1,in_header_text,٧
2,281,-1,in_header_text,٨
2,281,-1,in_header_text,٩
2,281,-1,in_header_text,١٠
2,281,-1,in_header_text,١١
2,282,-1,in_header_text,١
2,282,-1,in_header_text,٢
2,282,-1,in_header_text,٣
2,282,-1,in_header_text,٤
2,282,-1,in_header_text,٥
2,282,-1,in_header_text,٦
2,282,-1,in_header_text,٧
2,282,-1,in_header_text,٨
2,283,178,in_header_text,١
2,284,-1,in_header_text,١
2,284,-1,in_header_text,٢
2,284,-1,in_header_text,٣
2,284,-1,in_header_text,٤
2,284,-1,in_header_text,٥
2,284,-1,in_header_text,٦
2,284,-1,in_header_text,٧
2,284,-1,in_header_text,٨
2,284,-1,in_header_text,٩
2,284,-1,in_header_text,١٠
2,284,-1,in_header_text,١١
2,285,-1,in_header_text,١
2,285,-1,in_header_text,٢
2,285,-1,in_header_text,٣
2,285,-1,in_header_text,٤
2,285,-1,in_header_text,٥
2,285,-1,in_header_text,٦
2,285,-1,in_header_text,٧
2,285,-1,in_header_text,٨
2,286,-1,in_header_text,١
2,286,-1,in_header_text,٢
2,286,-1,in_header_text,٣
2,286,-1,in_header_text,٤
2,286,-1,in_header_text,٥
2,286,-1,in_header_text,٦
2,286,-1,in_header_text,٧
2,286,-1,in_header_text,٨
2,287,-1,in_header_text,١
2,287,-1,in_header_text,٢
2,287,-1,in_header_text,٣
2,287,-1,in_header_text,٤
2,287,-1,in_header_text,٥
2,288,180,in_header_text,١
2,288,180,in_header_text,٢
2,288,180,in_header_text,٣
2,288,180,in_header_text,٤
2,288,180,in_header_text,٥
2,289,182,in_header_text,١
2,289,182,in_header_text,٢
2,289,182,in_header_text,٣
2,289,183,in_header_text,٤
2,289,183,in_header_text,٥
2,289,183,in_header_text,٦
2,289,183,in_header_text,٧
2,289,183,in_header_text,٨
2,289,183,in_header_text,٩
2,289,183,in_header_text,١٠
2,289,183,in_header_text,١١
2,289,183,in_header_text,١٢
2,289,183,in_header_text,١٣
2,289,183,in_header_text,١٤
2,290,-1,in_header_text,١
2,290,-1,in_header_text,٢
2,290,-1,in_header_text,٣
2,290,-1,in_header_text,٤
2,290,-1,in_header_text,٥
2,290,-1,in_header_text,٦
2,290,-1,in_header_text,٧
2,291,183,in_header_text,١
2,291,183,in_header_text,٢
2,291,184,in_header_text,٤
2,291,184,in_header_text,٥
2,291,184,in_header_text,٦
2,291,184,in_header_text,٧
2,291,184,in_header_title,٣
2,292,-1,in_header_text,١
2,292,-1,in_header_text,٢
2,292,-1,in_header_text,٣
2,292,-1,in_header_text,٤
2,292,-1,in_header_text,٥
2,292,-1,in_header_text,٦
2,293,184,in_header_text,١
2,293,184,in_header_text,٢
2,293,184,in_header_text,٣
2,293,184,in_header_text,٤
2,293,184,in_header_text,٥
2,293,184,in_header_text,٦
2,293,184,in_header_text,٧
2,293,185,in_header_text,٨
2,293,185,in_header_text,٩
2,293,185,in_header_text,١٠
2,294,185,in_header_text,١
2,294,185,in_header_text,٢
2,294,185,in_header_text,٣
2,294,185,in_header_text,٤
2,294,185,in_header_text,٥
2,294,186,in_header_text,٦
2,294,186,in_header_text,٧
2,295,-1,in_header_text,١
2,296,-1,in_header_text,١
2,296,-1,in_header_text,٢
2,297,-1,in_header_text,١
2,297,-1,in_header_text,٢
2,299,-1,in_header_text,١
2,299,-1,in_header_text,٢
2,300,191,in_header_text,١
2,301,-1,in_header_text,١
2,301,-1,in_header_text,٢
2,301,-1,in_header_text,٣
2,301,-1,in_header_text,٤
2,302,-1,in_header_text,١
2,304,-1,in_header_text,١
2,304,-1,in_header_text,٢
2,304,-1,in_header_text,٣
2,304,-1,in_header_text,٤
2,305,-1,in_header_text,١
2,306,-1,in_header_text,١
2,306,-1,in_header_text,٢
2,307,-1,in_header_text,١
2,308,-1,in_header_text,١
2,308,-1,in_header_text,٢
2,309,-1,in_header_text,١
2,309,-1,in_header_text,٢
2,310,-1,in_header_text,١
2,311,-1,in_header_text,١
2,311,-1,in_header_text,٢
2,311,-1,in_header_text,٣
2,311,-1,in_header_text,٤
2,313,-1,in_header_text,١
2,313,-1,in_header_text,٢
2,314,-1,in_header_text,١
2,314,-1,in_header_text,٢
2,315,-1,in_header_text,١
2,315,-1,in_header_text,٢
2,315,-1,in_header_text,٣
2,315,-1,in_header_text,٤
2,316,-1,in_header_text,١
2,316,-1,in_header_text,٢
2,317,-1,in_header_text,١
2,318,-1,in_header_text,١
2,318,-1,in_header_text,٢
2,319,-1,in_header_text,١
2,319,-1,in_header_text,٢
2,320,-1,in_header_text,١
2,320,-1,in_header_text,٢
2,320,-1,in_header_text,٣
2,320,-1,in_header_text,٤
2,320,-1,in_header_text,٥
2,320,-1,in_header_text,٦
2,320,-1,in_header_text,٧
2,321,203,in_header_text,٣
2,321,203,in_header_text,٤
2,321,203,in_header_text,٥
2,321,203,in_header_text,٦
2,321,203,in_header_text,٧
2,321,203,in_header_text,٨
2,322,204,in_header_text,١
2,322,204,in_header_text,٢
2,322,204,in_header_text,٣
2,322,204,in_header_text,٤
2,322,204,in_header_text,٥
2,322,204,in_header_text,٦
2,322,204,in_header_text,٧
2,322,204,in_header_text,٨
2,322,204,in_header_text,٩
2,322,204,in_header_text,١٠
2,323,206,in_header_text,١
2,323,207,in_header_text,٢
2,323,207,in_header_text,٣
2,323,207,in_header_text,٤
2,323,207,in_header_text,٥
2,323,208,in_header_text,٦
2,323,208,in_header_text,٧
2,323,208,in_header_text,٨
2,324,208,in_header_text,١
2,324,209,in_header_text,٢
2,324,209,in_header_text,٣
2,324,209,in_header_text,٤
2,324,209,in_header_text,٥
2,324,209,in_header_text,٦
2,325,209,in_header_text,١
2,325,210,in_header_text,٢
2,325,210,in_header_text,٣
2,325,210,in_header_text,٤
2,325,210,in_header_text,٥
2,326,-1,in_header_text,١
2,326,-1,in_header_text,٢
2,326,-1,in_header_text,٤٧
2,326,-1,in_header_text,٣
2,326,-1,in_header_text,٤
2,326,-1,in_header_text,٥
2,327,-1,in_header_text,١
2,327,-1,in_header_text,٢
2,327,-1,in_header_text,٣
2,327,-1,in_header_text,٤
2,327,-1,in_header_text,٥
2,327,-1,in_header_text,٦
2,328,212,in_header_text,١
2,328,212,in_header_text,٢
2,329,-1,in_header_text,١
2,329,-1,in_header_text,٢
2,329,-1,in_header_text,٣
2,329,-1,in_header_text,٤
2,330,-1,in_header_text,١
2,330,-1,in_header_text,٢
2,330,-1,in_header_text,٣
2,330,-1,in_header_text,٤
2,331,-1,in_header_text,١
2,331,-1,in_header_text,٢
2,331,-1,in_header_text,٣
2,331,-1,in_header_text,٤
2,331,-1,in_header_text,٥
2,332,-1,in_header_text,١
2,332,-1,in_header_text,٢
2,332,-1,in_header_text,٣
2,332,-1,in_header_text,٤
2,333,-1,in_header_text,١
2,333,-1,in_header_text,٢
2,333,-1,in_header_text,٣
2,334,-1,in_header_text,١
2,334,-1,in_header_text,٢
2,334,-1,in_header_text,٣
2,334,-1,in_header_text,٤
2,334,-1,in_header_text,٥
2,335,-1,in_header_text,١
2,335,-1,in_header_text,٢
2,335,-1,in_header_text,٣
2,335,-1,in_header_text,٤
2,335,-1,in_header_text,٥
2,335,-1,in_header_text,٦
2,335,-1,in_header_text,٧
2,335,-1,in_header_text,٨
2,335,-1,in_header_text,٩
2,336,-1,in_header_text,١
2,337,-1,in_header_text,١
2,337,-1,in_header_text,٢
2,338,-1,in_header_text,٥
2,338,-1,in_header_text,٦
2,338,-1,in_header_text,١
2,339,-1,in_header_text,١
2,339,-1,in_header_text,٢
2,339,-1,in_header_text,٣
2,340,-1,in_header_text,١
2,340,-1,in_header_text,٢
2,340,-1,in_header_text,٣
2,341,-1,in_header_text,١
2,341,-1,in_header_text,٢
2,341,-1,in_header_text,٣
2,341,-1,in_header_text,٤
2,341,-1,in_header_text,٥
2,341,-1,in_header_text,٦
2,342,-1,in_header_text,١
2,342,-1,in_header_text,٢
2,342,-1,in_header_text,٣
2,342,-1,in_header_text,٤
2,342,-1,in_header_text,٥
2,344,-1,in_header_text,١
2,344,-1,in_header_text,٢
2,344,-1,in_header_text,٣
2,345,222,in_header_text,١
2,345,222,in_header_text,٢
2,345,222,in_header_text,٣
2,345,222,in_header_text,٤
2,345,222,in_header_text,٥
2,345,222,in_header_text,٦
2,345,222,in_header_text,٧
2,345,222,in_header_text,٨
2,345,222,in_header_text,٩
2,345,222,in_header_text,١٠
2,346,-1,in_header_text,١
2,346,-1,in_header_text,٢
2,346,-1,in_header_text,٣
2,346,-1,in_header_text,٤
2,346,-1,in_header_text,٥
2,347,222,in_header_text,١
2,347,223,in_header_text,٢
2,347,223,in_header_text,٣
2,347,223,in_header_text,٤
2,347,223,in_header_text,٥
2,347,223,in_header_text,٦
2,348,-1,in_header_text,١
2,348,-1,in_header_text,٢
2,348,-1,in_header_text,٣
2,348,-1,in_header_text,٤
2,348,-1,in_header_text,٥
2,349,224,in_header_text,١
2,349,224,in_header_text,٢
2,349,224,in_header_text,٣
2,349,224,in_header_text,٤
2,349,224,in_header_text,٥
2,349,224,in_header_text,٦
2,350,225,in_header_text,١
2,350,225,in_header_text,٢
2,350,225,in_header_text,٣
2,351,-1,in_header_text,١
2,351,-1,in_header_text,٢
2,351,-1,in_header_text,٣
2,351,-1,in_header_text,٤
2,351,-1,in_header_text,٥
2,351,-1,in_header_text,٦
2,351,-1,in_header_text,٧
2,351,-1,in_header_text,٨
2,351,-1,in_header_text,٩
2,351,-1,in_header_text,١٠
2,351,-1,in_header_text,١١
2,351,-1,in_header_text,١٢
2,351,-1,in_header_text,١٣
2,351,-1,in_header_text,١٤
2,351,-1,in_header_text,١٥
2,351,-1,in_header_text,١٦
2,352,-1,in_header_text,١
2,352,-1,in_header_text,٢
2,352,-1,in_header_text,٣
2,352,-1,in_header_text,٤
2,352,-1,in_header_text,٥
2,352,-1,in_header_text,٦
2,352,-1,in_header_text,٧
2,353,225,in_header_text,١
2,353,225,in_header_text,٢
2,353,225,in_header_text,٣
2,353,225,in_header_text,٤
2,353,225,in_header_text,٥
2,353,226,in_header_text,٦
2,354,226,in_header_text,١
2,354,226,in_header_text,٢
2,354,227,in_header_text,٣
2,354,227,in_header_text,٤
2,354,227,in_header_text,٥
2,354,227,in_header_text,٦
2,354,227,in_header_text,٧
2,355,-1,in_header_text,١
2,355,-1,in_header_text,٢
2,355,-1,in_header_text,٣
2,355,-1,in_header_text,٤
2,355,-1,in_header_text,٥
2,355,-1,in_header_text,٦
2,355,-1,in_header_text,٧
2,355,-1,in_header_text,٨
2,356,-1,in_header_text,١
2,356,-1,in_header_text,٢
2,356,-1,in_header_text,٣
2,359,-1,in_header_text,١
2,360,-1,in_header_text,١
2,361,-1,in_header_text,١
2,361,-1,in_header_text,٢
2,363,-1,in_header_text,١
2,363,-1,in_header_text,٢
2,363,-1,in_header_text,٣
2,364,-1,in_header_text,١
2,364,-1,in_header_text,٢
2,364,-1,in_header_text,٣
2,364,-1,in_header_text,٤
2,364,-1,in_header_text,٥
2,364,-1,in_header_text,٦
2,365,-1,in_header_text,١
2,367,-1,in_header_text,١
2,367,-1,in_header_text,٢
2,367,-1,in_header_text,٣
2,367,-1,in_header_text,٤
2,367,-1,in_header_text,٥
2,370,242,in_header_text,١
2,370,242,in_header_text,٢
2,370,242,in_header_text,٣
2,371,243,in_header_text,١
2,371,243,in_header_text,٢
2,371,243,in_header_text,٣
2,371,243,in_header_text,٤
2,371,243,in_header_text,٥
2,371,243,in_header_text,٦
2,371,243,in_header_text,٧
2,371,243,in_header_text,٨
2,371,243,in_header_text,٩
2,371,243,in_header_text,١٠
2,372,-1,in_header_text,١
2,372,-1,in_header_text,٢
2,372,-1,in_header_text,٣
2,372,-1,in_header_text,٤
2,372,-1,in_header_text,٥
2,372,-1,in_header_text,٦
2,372,-1,in_header_text,٧
2,372,-1,in_header_text,٨
2,372,-1,in_header_text,٩
2,372,-1,in_header_text,١٠
2,372,-1,in_header_text,١١
2,373,243,in_header_text,١
2,373,243,in_header_text,٢
2,373,243,in_header_text,٣
2,373,243,in_header_text,٤
2,373,243,in_header_text,٥
2,373,243,in_header_text,٦
2,373,243,in_header_text,٧
2,373,243,in_header_text,٨
2,373,243,in_header_text,٩
2,373,244,in_header_text,١٠
2,373,244,in_header_text,١١
2,373,244,in_header_text,١٢
2,373,244,in_header_text,١٣
2,373,244,in_header_text,١٤
2,374,-1,in_header_text,١
2,374,-1,in_header_text,٢
2,374,-1,in_header_text,٣
2,374,-1,in_header_text,٤
2,374,-1,in_header_text,٥
2,374,-1,in_header_text,٦
2,374,-1,in_header_text,٧
2,374,-1,in_header_text,٨
2,375,245,in_header_text,١
2,375,245,in_header_text,٢
2,375,245,in_header_text,٣
2,375,245,in_header_text,٤
2,375,245,in_header_text,٥
2,375,245,in_header_text,٦
2,375,245,in_header_text,٧
2,375,246,in_header_text,٨
2,375,246,in_header_text,٩
2,375,246,in_header_text,١٠
2,376,247,in_header_text,١
2,376,248,in_header_text,٣
2,376,248,in_header_title,٢
2,377,-1,in_header_text,١
2,377,-1,in_header_text,٢
2,377,-1,in_header_text,٣
2,377,-1,in_header_text,٤
2,377,-1,in_header_text,٥
2,378,-1,in_header_text,١
2,378,-1,in_header_text,٢
2,378,-1,in_header_text,٣
2,378,-1,in_header_text,٤
2,378,-1,in_header_text,٥
2,378,-1,in_header_text,٦
2,378,-1,in_header_text,٧
2,378,-1,in_header_text,٨
2,378,-1,in_header_text,٩
2,378,-1,in_header_text,١٠
2,379,-1,in_header_text,١
2,379,-1,in_header_text,٢
2,379,-1,in_header_text,٣
2,379,-1,in_header_text,٤
2,379,-1,in_header_text,٥
2,379,-1,in_header_text,٦
2,380,-1,in_header_text,١
2,380,-1,in_header_text,٢
2,380,-1,in_header_text,٣
2,380,-1,in_header_text,٤
2,380,-1,in_header_text,٥
2,380,-1,in_header_text,٦
2,380,-1,in_header_text,٧
2,381,-1,in_header_text,١
2,381,-1,in_header_text,٢
2,381,-1,in_header_text,٣
2,381,-1,in_header_text,٤
2,381,-1,in_header_text,٥
2,381,-1,in_header_text,٦
2,381,-1,in_header_text,٧
2,382,-1,in_header_text,١
2,382,-1,in_header_text,٢
2,382,-1,in_header_text,٣
2,382,-1,in_header_text,٤
2,382,-1,in_header_text,٥
2,383,-1,in_header_text,١
2,383,-1,in_header_text,٢
2,383,-1,in_header_text,٣
2,383,-1,in_header_text,٤
2,383,-1,in_header_text,٥
2,383,-1,in_header_text,٦
2,383,-1,in_header_text,٧
2,383,-1,in_header_text,٨
2,383,-1,in_header_text,٩
2,383,-1,in_header_text,١٠
2,384,-1,in_header_text,١
2,384,-1,in_header_text,٢
2,384,-1,in_header_text,٣
2,384,-1,in_header_text,٤
2,384,-1,in_header_text,٥
2,385,-1,in_header_text,١
2,385,-1,in_header_text,٢
2,385,-1,in_header_text,٣
2,385,-1,in_header_text,٤
2,385,-1,in_header_text,٥
2,385,-1,in_header_text,٦
2,386,-1,in_header_text,١
2,386,-1,in_header_text,٢
2,386,-1,in_header_text,٣
2,386,-1,in_header_text,٤
2,386,-1,in_header_text,٥
2,386,-1,in_header_text,٦
2,389,-1,in_header_text,١
2,389,-1,in_header_text,٢
2,389,-1,in_header_text,٣
2,389,-1,in_header_text,٤
2,389,-1,in_header_text,٥
2,389,-1,in_header_text,٦
2,389,-1,in_header_text,٧
2,389,-1,in_header_text,٨
2,390,-1,in_header_text,١
2,390,-1,in_header_text,٢
2,390,-1,in_header_text,٣
2,390,-1,in_header_text,٤
2,390,-1,in_header_text,٥
2,390,-1,in_header_text,٦
2,390,-1,in_header_text,٧
2,391,-1,in_header_text,١
2,391,-1,in_header_text,٢
2,391,-1,in_header_text,٣
2,391,-1,in_header_text,٤
2,391,-1,in_header_text,٥
2,391,-1,in_header_text,٦
2,391,-1,in_header_text,٧
2,391,-1,in_header_text,٨
2,392,-1,in_header_text,١
2,393,-1,in_header_text,١
2,393,-1,in_header_text,٢
2,393,-1,in_header_text,٣
2,393,-1,in_header_text,٤
2,393,-1,in_header_text,٥
2,393,-1,in_header_text,٦
2,393,-1,in_header_text,٧
2,393,-1,in_header_text,٨
2,394,-1,in_header_text,١
2,395,-1,in_header_text,١
2,395,-1,in_header_text,٢
2,395,-1,in_header_text,٣
2,396,248,in_header_text,١
2,396,248,in_header_text,٢
2,397,-1,in_header_text,١
2,397,-1,in_header_text,٢
2,397,-1,in_header_text,٣
2,397,-1,in_header_text,٤
2,397,-1,in_header_text,٥
2,398,-1,in_header_text,١
2,398,-1,in_header_text,٢
2,398,-1,in_header_text,٣
2,398,-1,in_header_text,٤
2,398,-1,in_header_text,٥
2,398,-1,in_header_text,٦
2,398,-1,in_header_text,٧
2,398,-1,in_header_text,٨
2,398,-1,in_header_text,٩
2,398,-1,in_header_text,١٠
2,398,-1,in_header_text,١١
2,399,-1,in_header_text,١
2,399,-1,in_header_text,٢
2,399,-1,in_header_text,٣
2,399,-1,in_header_text,٤
2,399,-1,in_header_text,٥
2,399,-1,in_header_text,٦
2,399,-1,in_header_text,٧
2,400,-1,in_header_text,١
2,400,-1,in_header_text,٢
2,400,-1,in_header_text,٣
2,400,-1,in_header_text,٤
2,400,-1,in_header_text,٥
2,400,-1,in_header_text,٦
2,400,-1,in_header_text,٧
2,400,-1,in_header_text,٨
2,400,-1,in_header_text,٩
2,401,-1,in_header_text,١
2,401,-1,in_header_text,٢
2,401,-1,in_header_text,٣
2,401,-1,in_header_text,٤
2,401,-1,in_header_text,٥
2,401,-1,in_header_text,٦
2,401,-1,in_header_text,٧
2,401,-1,in_header_text,٨
2,402,-1,in_header_text,١
2,403,249,in_header_text,١
2,403,249,in_header_text,٢
2,403,249,in_header_text,٣
2,403,249,in_header_text,٤
2,403,249,in_header_text,٥
2,403,249,in_header_text,٦
2,403,249,in_header_text,٧
2,404,-1,in_header_text,١
2,404,-1,in_header_text,٢
2,404,-1,in_header_text,٣
2,404,-1,in_header_text,٤
2,404,-1,in_header_text,٥
2,404,-1,in_header_text,٦
2,404,-1,in_header_text,٧
2,404,-1,in_header_text,٨
2,404,-1,in_header_text,٩
2,404,-1,in_header_text,١٠
2,404,-1,in_header_text,١١
2,405,251,in_header_text,١
2,405,251,in_header_text,٢
2,405,251,in_header_text,٣
2,405,251,in_header_text,٥
2,406,251,in_header_text,١
2,406,251,in_header_text,٢
2,406,251,in_header_text,٣
2,406,251,in_header_text,٤
2,406,251,in_header_text,٥
2,406,251,in_header_text,٦
2,406,251,in_header_text,٧
2,406,251,in_header_text,٨
2,406,251,in_header_text,٩
2,406,251,in_header_text,١٠
2,406,251,in_header_text,١١
2,406,251,in_header_text,١٢
2,406,251,in_header_text,١٣
2,406,251,in_header_text,١٤
2,406,252,in_header_text,١٥
2,406,252,in_header_text,١٦
2,406,252,in_header_text,١٧
2,407,-1,in_header_text,١
2,407,-1,in_header_text,٢
2,407,-1,in_header_text,٣
2,407,-1,in_header_text,٤
2,407,-1,in_header_text,٥
2,407,-1,in_header_text,٦
2,407,-1,in_header_text,٧
2,407,-1,in_header_text,٨
2,408,253,in_header_text,١
2,408,253,in_header_text,٢
2,408,253,in_header_text,٣
2,408,253,in_header_text,٤
2,408,253,in_header_text,٥
2,409,-1,in_header_text,١
2,409,-1,in_header_text,٢
2,409,-1,in_header_text,٣
2,409,-1,in_header_text,٤
2,410,254,in_header_text,١
2,410,254,in_header_text,٢
2,410,254,in_header_text,٣
2,410,254,in_header_text,٤
2,410,254,in_header_text,٥
2,410,255,in_header_text,٦
2,410,255,in_header_text,٧
2,410,255,in_header_text,٨
2,410,255,in_header_text,٩
2,410,255,in_header_text,١٠
2,411,-1,in_header_text,١
2,411,-1,in_header_text,٢
2,411,-1,in_header_text,٣
2,411,-1,in_header_text,٤
2,411,-1,in_header_text,٥
2,411,-1,in_header_text,٦
2,411,-1,in_header_text,٧
2,411,-1,in_header_text,٨
2,411,-1,in_header_text,٩
2,411,-1,in_header_text,١٠
2,411,-1,in_header_text,١١
2,412,-1,in_header_text,١
2,412,-1,in_header_text,٢
2,412,-1,in_header_text,٣
2,412,-1,in_header_text,٤
2,412,-1,in_header_text,٥
2,413,-1,in_header_text,١
2,413,-1,in_header_text,٢
2,413,-1,in_header_text,٣
2,413,-1,in_header_text,٤
2,413,-1,in_header_text,٥
2,413,-1,in_header_text,٦
2,413,-1,in_header_text,٧
2,414,-1,in_header_text,١
2,414,-1,in_header_text,٢
2,414,-1,in_header_text,٣
2,415,-1,in_header_text,١
2,415,-1,in_header_text,٢
2,415,-1,in_header_text,٣
2,415,-1,in_header_text,٤
2,415,-1,in_header_text,٥
2,415,-1,in_header_text,٦
2,415,-1,in_header_text,٧
2,415,-1,in_header_text,٨
2,416,-1,in_header_text,١
2,416,-1,in_header_text,٢
2,416,-1,in_header_text,٣
2,416,-1,in_header_text,٤
2,417,-1,in_header_text,١
2,417,-1,in_header_text,٢
2,417,-1,in_header_text,٣
2,417,-1,in_header_text,٤
2,417,-1,in_header_text,٥
2,417,-1,in_header_text,٦
2,417,-1,in_header_text,٧
2,417,-1,in_header_text,٨
2,418,-1,in_header_text,١
2,418,-1,in_header_text,٢
2,418,-1,in_header_text,٣
2,419,-1,in_header_text,١
2,419,-1,in_header_text,٢
2,419,-1,in_header_text,٣
2,419,-1,in_header_text,٤
2,420,-1,in_header_text,١
2,420,-1,in_header_text,٢
2,421,-1,in_header_text,١
2,421,-1,in_header_text,٢
2,421,-1,in_header_text,٣
2,421,-1,in_header_text,٤
2,422,-1,in_header_text,١
2,422,-1,in_header_text,٢
2,422,-1,in_header_text,٣
2,422,-1,in_header_text,٤
2,422,-1,in_header_text,٥
2,422,-1,in_header_text,٦
2,422,-1,in_header_text,٧
2,423,-1,in_header_text,١
2,423,-1,in_header_text,٢
2,423,-1,in_header_text,٣
2,423,-1,in_header_text,٤
2,423,-1,in_header_text,٥
2,423,-1,in_header_text,٦
2,423,-1,in_header_text,٧
2,423,-1,in_header_text,٨
2,423,-1,in_header_text,٩
2,424,-1,in_header_text,١
2,424,-1,in_header_text,٢
2,424,-1,in_header_text,٣
2,424,-1,in_header_text,٤
2,425,-1,in_header_text,١
2,425,-1,in_header_text,٢
2,425,-1,in_header_text,٣
2,426,262,in_header_text,٣
2,426,262,in_header_text,٤
2,426,262,in_header_text,٥
2,426,262,in_header_text,٦
2,426,262,in_header_text,٧
2,426,262,in_header_text,٨
2,427,-1,in_header_text,١
2,427,-1,in_header_text,٢
2,427,-1,in_header_text,٣
2,427,-1,in_header_text,٤
2,427,-1,in_header_text,٥
2,427,-1,in_header_text,٦
2,427,-1,in_header_text,٧
2,427,-1,in_header_text,٨
2,427,-1,in_header_text,٩
2,428,-1,in_header_text,١
2,428,-1,in_header_text,٢
2,428,-1,in_header_text,٣
2,428,-1,in_header_text,٤
2,428,-1,in_header_text,٥
2,428,-1,in_header_text,٦
2,428,-1,in_header_text,٧
2,428,-1,in_header_text,٨
2,428,-1,in_header_text,٩
2,429,-1,in_header_text,١
2,429,-1,in_header_text,٢
2,429,-1,in_header_text,٣
2,429,-1,in_header_text,٤
2,429,-1,in_header_text,٥
2,429,-1,in_header_text,٦
2,429,-1,in_header_text,٧
2,429,-1,in_header_text,٨
2,430,-1,in_header_text,١
2,430,-1,in_header_text,٢
2,430,-1,in_header_text,٣
2,430,-1,in_header_text,٤
2,430,-1,in_header_text,٥
2,431,-1,in_header_text,١
2,431,-1,in_header_text,٢
2,431,-1,in_header_text,٣
2,431,-1,in_header_text,٤
2,431,-1,in_header_text,٥
2,431,-1,in_header_text,٦
2,432,-1,in_header_text,١
2,432,-1,in_header_text,٢
2,432,-1,in_header_text,٣
2,432,-1,in_header_text,٤
2,432,-1,in_header_text,٥
2,432,-1,in_header_text,٦
2,432,-1,in_header_text,٧
2,433,262,in_header_text,١
2,433,262,in_header_text,٢
2,433,262,in_header_text,٣
2,433,263,in_header_text,٤
2,434,-1,in_header_text,١
2,434,-1,in_header_text,٢
2,434,-1,in_header_text,٣
2,434,-1,in_header_text,٤
2,434,-1,in_header_text,٥
2,434,-1,in_header_text,٦
2,435,-1,in_header_text,١
2,435,-1,in_header_text,٢
2,435,-1,in_header_text,٣
2,435,-1,in_header_text,٤
2,435,-1,in_header_text,٥
2,435,-1,in_header_text,٦
2,436,263,in_header_text,١
2,436,263,in_header_text,٢
2,436,264,in_header_text,٣
2,436,264,in_header_text,٤
2,437,-1,in_header_text,١
2,438,-1,in_header_text,١
2,438,-1,in_header_text,٢
2,438,-1,in_header_text,٣
2,438,-1,in_header_text,٤
2,438,-1,in_header_text,٥
2,438,-1,in_header_text,٦
2,438,-1,in_header_text,٧
2,439,-1,in_header_text,١
2,439,-1,in_header_text,٢
2,439,-1,in_header_text,٣
2,439,-1,in_header_text,٤
2,439,-1,in_header_text,٥
2,439,-1,in_header_text,٦
2,440,-1,in_header_text,١
2,440,-1,in_header_text,٢
2,441,-1,in_header_text,١
2,441,-1,in_header_text,٢
2,441,-1,in_header_text,٣
2,441,-1,in_header_text,٤
2,442,-1,in_header_text,١
2,442,-1,in_header_text,٢
2,442,-1,in_header_text,٣
2,442,-1,in_header_text,٤
2,442,-1,in_header_text,٥
2,442,-1,in_header_text,٦
2,442,-1,in_header_text,٧
2,442,-1,in_header_text,٨
2,442,-1,in_header_text,٩
2,443,-1,in_header_text,١
2,443,-1,in_header_text,٢
2,443,-1,in_header_text,٣
2,443,-1,in_header_text,٤
2,443,-1,in_header_text,٥
2,444,-1,in_header_text,١
2,444,-1,in_header_text,٢
2,444,-1,in_header_text,٣
2,445,-1,in_header_text,١
2,445,-1,in_header_text,٢
2,446,-1,in_header_text,١
2,446,-1,in_header_text,٢
2,446,-1,in_header_text,٣
2,446,-1,in_header_text,٤
2,446,-1,in_header_text,٥
2,446,-1,in_header_text,٦
2,446,-1,in_header_text,٧
2,446,-1,in_header_text,٨
2,446,-1,in_header_text,٩
2,446,-1,in_header_text,١٠
2,446,-1,in_header_text,١١
2,446,-1,in_header_text,١٢
2,447,-1,in_header_text,١
2,447,-1,in_header_text,٢
2,447,-1,in_header_text,٣
2,447,-1,in_header_text,٤
2,447,-1,in_header_text,٥
2,447,-1,in_header_text,٦
2,448,-1,in_header_text,١
2,448,-1,in_header_text,٢
2,448,-1,in_header_text,٣
2,448,-1,in_header_text,٤
2,448,-1,in_header_text,٥
2,448,-1,in_header_text,٦
2,448,-1,in_header_text,٧
2,449,-1,in_header_text,١
2,449,-1,in_header_text,٢
2,449,-1,in_header_text,٣
2,449,-1,in_header_text,٤
2,449,-1,in_header_text,٥
2,450,-1,in_header_text,١
2,450,-1,in_header_text,٢
2,450,-1,in_header_text,٣
2,450,-1,in_header_text,٤
2,450,-1,in_header_text,٥
2,450,-1,in_header_text,٦
2,450,-1,in_header_text,٧
2,450,-1,in_header_text,٨
2,451,-1,in_header_text,١
2,451,-1,in_header_text,٢
2,451,-1,in_header_text,٣
2,451,-1,in_header_text,٤
2,451,-1,in_header_text,٥
2,451,-1,in_header_text,٦
2,452,-1,in_header_text,١
2,452,-1,in_header_text,٢
2,453,-1,in_header_text,١
2,453,-1,in_header_text,٢
2,453,-1,in_header_text,٣
2,453,-1,in_header_text,٤
2,453,-1,in_header_text,٥
2,453,-1,in_header_text,٦
2,453,-1,in_header_text,٧
2,453,-1,in_header_text,٨
2,453,-1,in_header_text,٩
2,453,-1,in_header_text,١٠
2,453,-1,in_header_text,١١
2,453,-1,in_header_text,١٢
2,454,-1,in_header_text,١
2,454,-1,in_header_text,٢
2,454,-1,in_header_text,٣
2,454,-1,in_header_text,٤
2,454,-1,in_header_text,٥
2,454,-1,in_header_text,٦
2,454,-1,in_header_text,٧
2,454,-1,in_header_text,٨
2,454,-1,in_header_text,٩
2,454,-1,in_header_text,١٠
2,454,-1,in_header_text,١١
2,454,-1,in_header_text,١٢
2,454,-1,in_header_text,١٣
2,454,-1,in_header_text,١٤
2,455,-1,in_header_text,١
2,455,-1,in_header_text,٢
2,455,-1,in_header_text,٣
2,455,-1,in_header_text,٤
2,455,-1,in_header_text,٥
2,455,-1,in_header_text,٦
2,455,-1,in_header_text,٧
2,455,-1,in_header_text,٨
2,455,-1,in_header_text,٩
2,455,-1,in_header_text,١٠
2,455,-1,in_header_text,١١
2,455,-1,in_header_text,١٢
2,455,-1,in_header_text,١٣
2,455,-1,in_header_text,١٤
2,455,-1,in_header_text,١٥
2,455,-1,in_header_text,١٦
2,455,-1,in_header_text,١٧
2,455,-1,in_header_text,١٨
2,455,-1,in_header_text,١٩
2,455,-1,in_header_text,٢٠
2,456,-1,in_header_text,١
2,456,-1,in_header_text,٢
2,456,-1,in_header_text,٣
2,456,-1,in_header_text,٤
2,457,-1,in_header_text,١
2,457,-1,in_header_text,٢
2,457,-1,in_header_text,٣
2,457,-1,in_header_text,٤
2,457,-1,in_header_text,٥
2,457,-1,in_header_text,٦
2,457,-1,in_header_text,٧
2,457,-1,in_header_text,٨
2,457,-1,in_header_text,٩
2,457,-1,in_header_text,١٠
2,458,-1,in_header_text,١
2,458,-1,in_header_text,٢
2,458,-1,in_header_text,٣
2,458,-1,in_header_text,٤
2,458,-1,in_header_text,٥
2,458,-1,in_header_text,٦
2,458,-1,in_header_text,٧
2,458,-1,in_header_text,٨
2,458,-1,in_header_text,٩
2,459,-1,in_header_text,١
2,459,-1,in_header_text,٢
2,459,-1,in_header_text,٣
2,459,-1,in_header_text,٤
2,459,-1,in_header_text,٥
2,459,-1,in_header_text,٦
2,460,-1,in_header_text,١
2,460,-1,in_header_text,٢
2,460,-1,in_header_text,٣
2,461,-1,in_header_text,١
2,461,-1,in_header_text,٢
2,461,-1,in_header_text,٣
2,461,-1,in_header_text,٤
2,461,-1,in_header_text,٥
2,461,-1,in_header_text,٦
2,461,-1,in_header_text,٧
2,462,-1,in_header_text,١
2,462,-1,in_header_text,٢
2,463,-1,in_header_text,١
2,463,-1,in_header_text,٢
2,463,-1,in_header_text,٣
2,463,-1,in_header_text,٤
2,463,-1,in_header_text,٥
2,464,-1,in_header_text,١
2,464,-1,in_header_text,٢
2,464,-1,in_header_text,٣
2,464,-1,in_header_text,٤
2,464,-1,in_header_text,٥
2,464,-1,in_header_text,٦
2,465,-1,in_header_text,١
2,465,-1,in_header_text,٢
2,465,-1,in_header_text,٣
2,465,-1,in_header_text,٤
2,465,-1,in_header_text,٥
2,465,-1,in_header_text,٦
2,466,-1,in_header_text,١
2,466,-1,in_header_text,٢
2,466,-1,in_header_text,٣
2,466,-1,in_header_text,٥
2,467,-1,in_header_text,١
2,467,-1,in_header_text,٢
2,467,-1,in_header_text,٣
2,467,-1,in_header_text,٤
2,467,-1,in_header_text,٥
2,468,-1,in_header_text,١
2,468,-1,in_header_text,٢
2,468,-1,in_header_text,٣
2,468,-1,in_header_text,٤
2,468,-1,in_header_text,٥
2,468,-1,in_header_text,٦
2,469,-1,in_header_text,١
2,469,-1,in_header_text,٢
2,469,-1,in_header_text,٣
2,469,-1,in_header_text,٤
2,469,-1,in_header_text,٥
2,469,-1,in_header_text,٦
2,470,-1,in_header_text,١
2,470,-1,in_header_text,٢
2,470,-1,in_header_text,٣
2,470,-1,in_header_text,٤
2,470,-1,in_header_text,٥
2,471,-1,in_header_text,١
2,471,-1,in_header_text,٢
2,471,-1,in_header_text,٣
2,471,-1,in_header_text,٤
2,471,-1,in_header_text,٥
2,471,-1,in_header_text,٦
2,471,-1,in_header_text,٧
2,472,-1,in_header_text,١
2,472,-1,in_header_text,٢
2,472,-1,in_header_text,٣
2,472,-1,in_header_text,٤
2,472,-1,in_header_text,٥
2,472,-1,in_header_text,٦
2,472,-1,in_header_text,٧
2,473,-1,in_header_text,١
2,473,-1,in_header_text,٢
2,477,-1,in_header_text,١
2,477,-1,in_header_text,٢
2,477,-1,in_header_text,٣
2,477,-1,in_header_text,٤
2,477,-1,in_header_text,٥
2,477,-1,in_header_text,٦
2,478,-1,in_header_text,١
2,478,-1,in_header_text,٢
2,478,-1,in_header_text,٣
2,478,-1,in_header_text,٤
2,478,-1,in_header_text,٥
2,478,-1,in_header_text,٦
2,478,-1,in_header_text,٧
2,478,-1,in_header_text,٨
2,478,-1,in_header_text,٩
2,478,-1,in_header_text,١٠
2,478,-1,in_header_text,١١
2,478,-1,in_header_text,١٢
2,478,-1,in_header_text,١٣
2,478,-1,in_header_text,١٤
2,480,-1,in_header_text,١
2,480,-1,in_header_text,٢
2,480,-1,in_header_text,٣
2,480,-1,in_header_text,٤
2,480,-1,in_header_text,٥
2,480,-1,in_header_text,٦
2,480,-1,in_header_text,٧
2,480,-1,in_header_text,٨
2,480,-1,in_header_text,٩
2,481,-1,in_header_text,١
2,481,-1,in_header_text,٢
2,481,-1,in_header_text,٣
2,481,-1,in_header_text,٤
2,481,-1,in_header_text,٥
2,482,-1,in_header_text,١
2,483,-1,in_header_text,١
2,484,-1,in_header_text,١
2,485,-1,in_header_text,١
2,485,-1,in_header_text,٢
2,487,-1,in_header_text,١
2,487,-1,in_header_text,٢
2,487,-1,in_header_text,٣
2,488,-1,in_header_text,١
2,488,-1,in_header_text,٢
2,488,-1,in_header_text,٣
2,488,-1,in_header_text,٤
2,488,-1,in_header_text,٥
2,489,-1,in_header_text,١
2,489,-1,in_header_text,٢
2,489,-1,in_header_text,٣
2,490,-1,in_header_text,١
2,490,-1,in_header_text,٢
2,490,-1,in_header_text,٣
2,490,-1,in_header_text,٤
2,490,-1,in_header_text,٥
2,491,-1,in_header_text,١
2,491,-1,in_header_text,٢
2,492,-1,in_header_text,١
2,493,-1,in_header_text,١
2,494,-1,in_header_text,١
2,494,-1,in_header_text,٢
2,494,-1,in_header_text,٣
2,494,-1,in_header_text,٤
2,495,-1,in_header_text,١
2,495,-1,in_header_text,٢
2,495,-1,in_header_text,٣
2,495,-1,in_header_text,٤
2,495,-1,in_header_text,٥
2,495,-1,in_header_text,٦
2,495,-1,in_header_text,٧
2,496,-1,in_header_text,١
2,496,-1,in_header_text,٢
2,496,-1,in_header_text,٣
2,497,-1,in_header_text,١
2,497,-1,in_header_text,٢
2,497,-1,in_header_text,٣
2,497,-1,in_header_text,٤
2,497,-1,in_header_text,٥
2,497,-1,in_header_text,٦
2,497,-1,in_header_text,٧
2,497,-1,in_header_text,٨
2,497,-1,in_header_text,٩
2,498,-1,in_header_text,١
2,498,-1,in_header_text,٢
2,498,-1,in_header_text,٣
2,499,-1,in_header_text,١
2,499,-1,in_header_text,٢
2,499,-1,in_header_text,٣
2,499,-1,in_header_text,٤
2,499,-1,in_header_text,٥
2,500,-1,in_header_text,١
2,500,-1,in_header_text,٢
2,500,-1,in_header_text,٣
2,500,-1,in_header_text,٤
2,500,-1,in_header_text,٥
2,500,-1,in_header_text,٦
2,501,-1,in_header_text,١
2,501,-1,in_header_text,٢
2,501,-1,in_header_text,٣
2,501,-1,in_header_text,٤
2,501,-1,in_header_text,٥
2,501,-1,in_header_text,٦
2,501,-1,in_header_text,٧
2,502,-1,in_header_text,١
2,502,-1,in_header_text,٢
2,503,284,in_header_text,١
2,503,284,in_header_text,٢
2,504,-1,in_header_text,١
2,504,-1,in_header_text,٢
2,504,-1,in_header_text,٣
2,504,-1,in_header_text,٤
2,504,-1,in_header_text,٥
2,504,-1,in_header_text,٦
2,504,-1,in_header_text,٧
2,504,-1,in_header_text,٨
2,505,-1,in_header_text,١
2,505,-1,in_header_text,٢
2,505,-1,in_header_text,٣
2,505,-1,in_header_text,٤
2,505,-1,in_header_text,٥
2,505,-1,in_header_text,٦
2,505,-1,in_header_text,٧
2,505,-1,in_header_text,٨
2,505,-1,in_header_text,٩
2,505,-1,in_header_text,١٠
2,506,-1,in_header_text,١
2,506,-1,in_header_text,٢
2,506,-1,in_header_text,٣
2,506,-1,in_header_text,٤
2,506,-1,in_header_text,٥
2,506,-1,in_header_text,٦
2,506,-1,in_header_text,٧
2,506,-1,in_header_text,٨
2,506,-1,in_header_text,٩
2,506,-1,in_header_text,١٠
2,507,-1,in_header_text,١
2,507,-1,in_header_text,٢
2,507,-1,in_header_text,٣
2,507,-1,in_header_text,٤
2,507,-1,in_header_text,٥
2,507,-1,in_header_text,٦
2,507,-1,in_header_text,٧
2,507,-1,in_header_text,٨
2,508,-1,in_header_text,١
2,508,-1,in_header_text,٢
2,508,-1,in_header_text,٣
2,508,-1,in_header_text,٤
2,508,-1,in_header_text,٥
2,508,-1,in_header_text,٦
2,508,-1,in_header_text,٧
2,508,-1,in_header_text,٨
2,509,-1,in_header_text,١
2,509,-1,in_header_text,٢
2,509,-1,in_header_text,٣
2,509,-1,in_header_text,٤
2,509,-1,in_header_text,٥
2,509,-1,in_header_text,٦
2,509,-1,in_header_text,٧
2,509,-1,in_header_text,٨
2,509,-1,in_header_text,٩
2,509,-1,in_header_text,١٠
2,509,-1,in_header_text,١١
2,509,-1,in_header_text,١٢
2,510,-1,in_header_text,١
2,510,-1,in_header_text,٢
2,510,-1,in_header_text,٣
2,510,-1,in_header_text,٤
2,510,-1,in_header_text,٥
2,510,-1,in_header_text,٦
2,510,-1,in_header_text,٧
2,511,-1,in_header_text,١
2,511,-1,in_header_text,٢
2,511,-1,in_header_text,٣
2,511,-1,in_header_text,٤
2,511,-1,in_header_text,٥
2,511,-1,in_header_text,٦
2,512,-1,in_header_text,١
2,512,-1,in_header_text,٢
2,512,-1,in_header_text,٣
2,512,-1,in_header_text,٤
2,513,-1,in_header_text,١
2,513,-1,in_header_text,٢
2,513,-1,in_header_text,٣
2,513,-1,in_header_text,٤
2,513,-1,in_header_text,٥
2,514,-1,in_header_text,١
2,514,-1,in_header_text,٢
2,514,-1,in_header_text,٣
2,514,-1,in_header_text,٤
2,514,-1,in_header_text,٥
2,514,-1,in_header_text,٦
2,514,-1,in_header_text,٧
2,515,-1,in_header_text,١
2,516,-1,in_header_text,١
2,516,-1,in_header_text,٢
2,516,-1,in_header_text,٣
2,516,-1,in_header_text,٤
2,517,284,in_header_text,١
2,517,284,in_header_text,٢
2,517,284,in_header_text,٣
2,518,285,in_header_text,١
2,518,285,in_header_text,٢
2,518,285,in_header_text,٣
2,518,286,in_header_text,٤
2,518,287,in_header_text,٥
2,518,287,in_header_text,٦
2,518,287,in_header_text,٧
2,518,287,in_header_text,٨
2,519,-1,in_header_text,١
2,519,-1,in_header_text,٢
2,519,-1,in_header_text,٣
2,519,-1,in_header_text,٤
2,519,-1,in_header_text,٥
2,519,-1,in_header_text,٦
2,520,-1,in_header_text,١
2,520,-1,in_header_text,٢
2,520,-1,in_header_text,٣
2,520,-1,in_header_text,٤
2,520,-1,in_header_text,٥
2,520,-1,in_header_text,٦
2,521,287,in_header_text,١
2,521,288,in_header_text,٢
2,521,288,in_header_text,٣
2,521,288,in_header_text,٤
2,521,288,in_header_text,٥
2,521,288,in_header_text,٦
2,522,288,in_header_text,١
2,522,288,in_header_text,٢
2,522,288,in_header_text,٣
2,522,289,in_header_text,٤
2,522,289,in_header_text,٥
2,522,289,in_header_text,٦
2,523,289,in_header_text,١
2,523,289,in_header_text,٢
2,523,289,in_header_text,٣
2,523,290,in_header_text,٤
2,523,290,in_header_text,٥
2,524,-1,in_header_text,١
2,524,-1,in_header_text,٢
2,524,-1,in_header_text,٣
2,524,-1,in_header_text,٤
2,524,-1,in_header_text,٥
2,524,-1,in_header_text,٦
2,524,-1,in_header_text,٧
2,524,-1,in_header_text,٨
2,524,-1,in_header_text,٩
2,524,-1,in_header_text,١٠
2,524,-1,in_header_text,١١
2,525,291,in_header_text,١
2,525,291,in_header_text,٢
2,525,291,in_header_text,٣
2,525,291,in_header_text,٤
2,525,291,in_header_text,٥
2,525,291,in_header_text,٦
2,526,-1,in_header_text,١
2,526,-1,in_header_text,٢
2,526,-1,in_header_text,٣
2,526,-1,in_header_text,٤
2,526,-1,in_header_text,٥
2,527,292,in_header_text,١
2,527,294,in_header_text,٢
2,527,295,in_header_text,٣
2,527,295,in_header_text,٤
2,528,295,in_header_text,١
2,528,296,in_header_text,٢
2,528,296,in_header_text,٣
2,528,296,in_header_text,٤
2,528,296,in_header_text,٥
2,528,296,in_header_text,٦
2,528,296,in_header_text,٧
2,529,296,in_header_text,١
2,529,296,in_header_text,٢
2,529,296,in_header_text,٣
2,529,296,in_header_text,٤
2,529,296,in_header_text,٥
2,530,-1,in_header_text,١
2,530,-1,in_header_text,٢
2,530,-1,in_header_text,٣
2,530,-1,in_header_text,٤
2,530,-1,in_header_text,٥
2,530,-1,in_header_text,٦
2,531,298,in_header_text,١
2,531,298,in_header_text,٢
2,531,298,in_header_text,٣
2,531,298,in_header_text,٤
2,531,298,in_header_text,٥
2,531,298,in_header_text,٦
2,531,298,in_header_text,٧
2,532,298,in_header_text,١
2,532,298,in_header_text,٢
2,532,298,in_header_text,٣
2,532,299,in_header_text,٤
2,532,300,in_header_text,٥
2,533,-1,in_header_text,١
2,533,-1,in_header_text,٢
2,533,-1,in_header_text,٣
2,533,-1,in_header_text,٤
2,533,-1,in_header_text,٥
2,534,-1,in_header_text,١
2,534,-1,in_header_text,٢
2,534,-1,in_header_text,٣
2,534,-1,in_header_text,٤
2,534,-1,in_header_text,٥
2,535,-1,in_header_text,١
2,535,-1,in_header_text,٢
2,535,-1,in_header_text,٣
2,535,-1,in_header_text,٤
2,535,-1,in_header_text,٥
2,535,-1,in_header_text,٦
2,535,-1,in_header_text,٧
2,535,-1,in_header_text,٨
2,535,-1,in_header_text,٩
2,535,-1,in_header_text,١٠
2,535,-1,in_header_text,١١
2,535,-1,in_header_text,١٢
2,535,-1,in_header_text,١٣
2,535,-1,in_header_text,١٤
2,535,-1,in_header_text,١٥
2,535,-1,in_header_text,١٦
2,535,-1,in_header_text,١٧
2,536,-1,in_header_text,١
2,536,-1,in_header_text,٢
2,536,-1,in_header_text,٣
2,536,-1,in_header_text,٤
2,536,-1,in_header_text,٥
2,536,-1,in_header_text,٦
2,537,-1,in_header_text,١
2,537,-1,in_header_text,٢
2,537,-1,in_header_text,٣
2,537,-1,in_header_text,٤
2,537,-1,in_header_text,٥
2,538,-1,in_header_text,١
2,538,-1,in_header_text,٢
2,538,-1,in_header_text,٣
2,538,-1,in_header_text,٤
2,538,-1,in_header_text,٥
2,538,-1,in_header_text,٦
2,539,-1,in_header_text,١
2,539,-1,in_header_text,٢
2,539,-1,in_header_text,٣
2,539,-1,in_header_text,٤
2,539,-1,in_header_text,٥
2,539,-1,in_header_text,٦
2,539,-1,in_header_text,٧
2,540,-1,in_header_text,١
2,540,-1,in_header_text,٢
2,540,-1,in_header_text,٣
2,540,-1,in_header_text,٤
2,540,-1,in_header_text,٥
2,540,-1,in_header_text,٦
2,541,-1,in_header_text,١
2,541,-1,in_header_text,٢
2,541,-1,in_header_text,٣
2,541,-1,in_header_text,٤
2,541,-1,in_header_text,٥
2,541,-1,in_header_text,٦
2,541,-1,in_header_text,٧
2,542,-1,in_header_text,١
2,542,-1,in_header_text,٢
2,542,-1,in_header_text,٣
2,542,-1,in_header_text,٤
2,542,-1,in_header_text,٥
2,543,-1,in_header_text,١
2,543,-1,in_header_text,٢
2,543,-1,in_header_text,٣
2,543,-1,in_header_text,٤
2,543,-1,in_header_text,٥
2,543,-1,in_header_text,٦
2,544,-1,in_header_text,١
2,544,-1,in_header_text,٢
2,544,-1,in_header_text,٣
2,544,-1,in_header_text,٤
2,545,-1,in_header_text,١
2,545,-1,in_header_text,٢
2,545,-1,in_header_text,٣
2,545,-1,in_header_text,٤
2,545,-1,in_header_text,٥
2,546,-1,in_header_text,١
2,546,-1,in_header_text,٢
2,546,-1,in_header_text,٣
2,547,-1,in_header_text,١
2,547,-1,in_header_text,٢
2,547,-1,in_header_text,٣
2,547,-1,in_header_text,٤
2,547,-1,in_header_text,٥
2,547,-1,in_header_text,٦
2,548,-1,in_header_text,١
2,548,-1,in_header_text,٢
2,548,-1,in_header_text,٣
2,548,-1,in_header_text,٤
2,548,-1,in_header_text,٥
2,548,-1,in_header_text,٦
2,549,-1,in_header_text,١
2,549,-1,in_header_text,٢
2,549,-1,in_header_text,٣
2,549,-1,in_header_text,٤
2,550,-1,in_header_text,١
2,551,-1,in_header_text,١
2,551,-1,in_header_text,٢
2,552,-1,in_header_text,١
2,552,-1,in_header_text,٢
2,552,-1,in_header_text,٣
2,552,-1,in_header_text,٤
2,553,-1,in_header_text,١
2,553,-1,in_header_text,٢
2,553,-1,in_header_text,٣
2,553,-1,in_header_text,٤
2,553,-1,in_header_text,٥
2,554,-1,in_header_text,١
2,554,-1,in_header_text,٢
2,554,-1,in_header_text,٣
2,554,-1,in_header_text,٤
2,554,-1,in_header_text,٥
2,554,-1,in_header_text,٦
2,555,-1,in_header_text,١
2,555,-1,in_header_text,٢
2,555,-1,in_header_text,٣
2,555,-1,in_header_text,٤
2,555,-1,in_header_text,٥
2,555,-1,in_header_text,٦
2,555,-1,in_header_text,٧
2,555,-1,in_header_text,٨
2,556,-1,in_header_text,١
2,556,-1,in_header_text,٢
2,556,-1,in_header_text,٣
2,556,-1,in_header_text,٤
2,556,-1,in_header_text,٥
2,556,-1,in_header_text,٦
2,556,-1,in_header_text,٧
2,557,-1,in_header_text,١
2,557,-1,in_header_text,٢
2,557,-1,in_header_text,٣
2,557,-1,in_header_text,٤
2,558,-1,in_header_text,١
2,558,-1,in_header_text,٢
2,558,-1,in_header_text,٣
2,558,-1,in_header_text,٤
2,559,-1,in_header_text,١
2,559,-1,in_header_text,٢
2,559,-1,in_header_text,٣
2,559,-1,in_header_text,٤
2,559,-1,in_header_text,٥
2,559,-1,in_header_text,٦
2,560,-1,in_header_text,١
2,560,-1,in_header_text,٢
2,560,-1,in_header_text,٣
2,560,-1,in_header_text,٤
2,560,-1,in_header_text,٥
2,560,-1,in_header_text,٦
2,561,-1,in_header_text,١
2,561,-1,in_header_text,٢
2,561,-1,in_header_text,٣
2,561,-1,in_header_text,٤
2,561,-1,in_header_text,٥
2,562,-1,in_header_text,١
2,562,-1,in_header_text,٢
2,562,-1,in_header_text,٣
2,562,-1,in_header_text,٤
2,562,-1,in_header_text,٥
2,562,-1,in_header_text,٦
2,562,-1,in_header_text,٧
2,562,-1,in_header_text,٨
2,562,-1,in_header_text,٩
2,563,-1,in_header_text,١
2,563,-1,in_header_text,٢
2,563,-1,in_header_text,٣
2,563,-1,in_header_text,٤
2,564,-1,in_header_text,١
2,564,-1,in_header_text,٢
2,567,314,in_header_text,١
2,576,-1,in_header_text,١٢٧
