book_id,header_id,header,level,page,slug,section_number,parent_id,pages
2,1,المقدمة,1,2,almqdmp,1,,"[2, 3, 4, 5, 6, 7, 8, 9, 10, 11, 12, 13, 14, 15, 16]"
2,2,- أهمية الموضوع,2,3,-hmyp-almwdwe,1.1,1.0,[3]
2,3,- أسباب اختيار الموضوع,2,4,-sbab-axtyar-almwdwe,1.2,1.0,[4]
2,4,- أهداف البحث,2,4,-hdaf-albhv,1.3,1.0,[4]
2,5,- الدراسات السابقة,2,5,-aldrasat-alsabqp,1.4,1.0,"[5, 6]"
2,6,- منهج البحث,2,7,-mnhj-albhv,1.5,1.0,"[7, 8, 9]"
2,7,- خطة البحث,2,10,-xtp-albhv,1.6,1.0,"[10, 11, 12, 13, 14, 15, 16]"
2,8,التمهيد,1,17,altmhyd,2,,"[17, 18, 19, 20, 21, 22, 23, 24, 25, 26, 27, 28, 29, 30, 31, 32, 33, 34, 35, 36, 37, 38, 39, 40, 41, 42, 43, 44, 45, 46, 47, 48, 49, 50, 51, 52, 53, 54, 55, 56, 57, 58, 59, 60, 61, 62, 63, 64, 65]"
2,9,المبحث الأول المراد بالنوازل في الرضاع,2,17,almbhv-alwl-almrad-balnwazl-fy-alrdae,2.1,8.0,"[17, 18, 19, 20, 21]"
2,10,المطلب الأول تعريف النازلة,3,17,almtlb-alwl-teryf-alnazlp,2.1.1,9.0,[17]
2,11,المطلب الثاني تعريف الرضاع,3,18,almtlb-alvany-teryf-alrdae,2.1.2,9.0,"[18, 19, 20, 21]"
2,12,- أركان الرضاع,4,21,-rkan-alrdae,2.1.2.1,11.0,[21]
2,13,المبحث الثاني أهمية الاجتهاد في بيان أحكام النوازل,2,22,almbhv-alvany-hmyp-alajthad-fy-byan-hkam-alnwazl,2.2,8.0,"[22, 23, 24, 25, 26, 27, 28, 29, 30, 31, 32]"
2,14,المبحث الثالث الضوابط الفقهية في باب الرضاع,2,33,almbhv-alvalv-aldwabt-alfqhyp-fy-bab-alrdae,2.3,8.0,"[33, 34, 35, 36, 37, 38, 39, 40, 41, 42, 43, 44, 45, 46, 47, 48, 49, 50, 51, 52, 53, 54, 55, 56, 57, 58, 59, 60, 61, 62]"
2,15,القاعدة الأولى: اليقين لا يزول بالشك.,3,33,alqaedp-alwly-alyqyn-la-yzwl-balk,2.3.1,14.0,[33]
2,16,القاعدة الثانية: يدفع الشر الكبير بارتكاب الشر الصغير.,3,34,alqaedp-alvanyp-ydfe-alr-alkbyr-bartkab-alr-alsgyr,2.3.2,14.0,"[34, 35]"
2,17,ضوابط باب الرضاع الفقهية فهي كثيرة,3,36,dwabt-bab-alrdae-alfqhyp-fhy-kvyrp,2.3.3,14.0,"[36, 37, 38, 39, 40, 41, 42, 43, 44, 45, 46, 47, 48, 49, 50, 51, 52, 53, 54, 55, 56, 57, 58, 59, 60, 61, 62]"
2,18,الضابط الأول: الأصل في الإرضاع التحريم,4,36,aldabt-alwl-alsl-fy-alrdae-althrym,2.3.3.1,17.0,[36]
2,19,الضابط الثاني: يحرم من الرضاع ما يحرم من النسب.,4,37,aldabt-alvany-yhrm-mn-alrdae-ma-yhrm-mn-alnsb,2.3.3.2,17.0,"[37, 38]"
2,20,الضابط الثالث: الرضاع الطارئ على النكاح كالسابق.,4,39,aldabt-alvalv-alrdae-altar-ely-alnkah-kalsabq,2.3.3.3,17.0,"[39, 40]"
2,21,الضابط الرابع: كل وطء يلحق به الولد، ويدرأ الحد؛ ينشر لبنه الحرمة.,4,41,aldabt-alrabe-kl-wt-ylhq-bh-alwld-wydr-alhd-ynr-lbnh-alhrmp,2.3.3.4,17.0,[41]
2,22,الضابط الخامس: الإرضاع ما أنبت اللحم وأنشز العظم.,4,41,aldabt-alxams-alrdae-ma-nbt-allhm-wnz-alezm,2.3.3.5,17.0,"[41, 42, 43, 44, 45]"
2,23,الضابط السادس: لا رضاع إلا ما كان في الحولين.,4,46,aldabt-alsads-la-rdae-la-ma-kan-fy-alhwlyn,2.3.3.6,17.0,"[46, 47, 48, 49]"
2,24,الضابط السابع: لا يحرم من الرضاع إلا ما فتق الأمعاء.,4,50,aldabt-alsabe-la-yhrm-mn-alrdae-la-ma-ftq-almea,2.3.3.7,17.0,"[50, 51, 52, 53, 54, 55, 56]"
2,25,الضابط الثامن: إنما الرضاعة من المجاعة.,4,57,aldabt-alvamn-nma-alrdaep-mn-almjaep,2.3.3.8,17.0,[57]
2,26,الضابط التاسع: لا تحرم المصة ولا المصتان ولا الرضعة ولا الرضعتان.,4,58,aldabt-altase-la-thrm-almsp-wla-almstan-wla-alrdep-wla-alrdetan,2.3.3.9,17.0,[58]
2,27,الضابط العاشر: لا يحرم بالشك في الرضاع شيء.,4,59,aldabt-alear-la-yhrm-balk-fy-alrdae-y,2.3.3.10,17.0,"[59, 60, 61, 62]"
2,28,المبحث الرابع المقاصد الشرعية لأحكام الرضاع في الفقه الإسلامي,2,63,almbhv-alrabe-almqasd-alreyp-lhkam-alrdae-fy-alfqh-alslamy,2.4,8.0,"[63, 64, 65]"
2,29,الفصل الأول: الوسائل الحديثة المتعلقة بالرضاع.,1,66,alfsl-alwl-alwsal-alhdyvp-almtelqp-balrdae,3,,"[66, 67, 68, 69, 70, 71, 72, 73, 74, 75, 76, 77, 78, 79, 80, 81, 82, 83, 84, 85, 86, 87, 88, 89, 90, 91, 92, 93, 94, 95, 96, 97, 98, 99, 100, 101, 102, 103, 104, 105, 106, 107, 108, 109, 110, 111, 112, 113, 114, 115, 116, 117, 118, 119, 120, 121, 122, 123, 124, 125, 126, 127, 128, 129, 130, 131, 132, 133, 134, 135, 136, 137, 138, 139, 140, 141, 142, 143, 144, 145, 146, 147, 148, 149, 150, 151, 152, 153, 154, 155, 156, 157, 158, 159, 160, 161, 162, 163, 164, 165, 166, 167, 168, 169, 170, 171, 172, 173, 174, 175, 176, 177, 178, 179, 180, 181, 182, 183, 184, 185, 186, 187, 188, 189, 190, 191, 192, 193, 194, 195, 196, 197, 198, 199, 200, 201, 202, 203, 204, 205, 206, 207, 208, 209, 210, 211, 212, 213, 214, 215, 216, 217, 218, 219, 220, 221, 222, 223, 224, 225, 226, 227, 228, 229, 230, 231, 232, 233, 234, 235, 236, 237, 238, 239, 240, 241, 242, 243, 244, 245, 246, 247, 248, 249, 250, 251, 252, 253, 254, 255, 256, 257, 258, 259, 260, 261, 262, 263, 264, 265, 266, 267, 268, 269, 270, 271, 272, 273, 274, 275, 276, 277, 278, 279, 280, 281, 282, 283, 284, 285, 286, 287, 288, 289, 290, 291, 292, 293, 294, 295, 296, 297, 298, 299, 300, 301, 302, 303, 304, 305, 306, 307, 308, 309, 310, 311, 312, 313, 314, 315, 316, 317, 318, 319, 320, 321, 322, 323, 324, 325, 326, 327, 328, 329, 330, 331, 332, 333, 334, 335, 336, 337, 338, 339, 340, 341, 342, 343, 344, 345, 346, 347, 348, 349, 350, 351, 352, 353, 354, 355, 356, 357, 358, 359, 360, 361, 362, 363, 364, 365]"
2,30,المبحث الأول مدرات الحليب,2,66,almbhv-alwl-mdrat-alhlyb,3.1,29.0,"[66, 67, 68, 69, 70, 71, 72, 73, 74, 75, 76, 77, 78, 79, 80, 81, 82, 83, 84, 85, 86, 87, 88, 89, 90, 91, 92, 93, 94, 95, 96, 97, 98, 99, 100, 101, 102, 103, 104, 105, 106, 107, 108, 109, 110, 111, 112, 113, 114, 115, 116, 117, 118, 119, 120, 121, 122, 123, 124, 125, 126, 127, 128, 129, 130, 131, 132, 133, 134, 135, 136, 137, 138]"
2,31,المطلب الأول حقيقة مدرات الحليب,3,66,almtlb-alwl-hqyqp-mdrat-alhlyb,3.1.1,30.0,"[66, 67, 68, 69]"
2,32,المطلب الثاني أنواع مدرات الحليب,3,70,almtlb-alvany-nwae-mdrat-alhlyb,3.1.2,30.0,[70]
2,33,النوع الأول: المدرات الطبعية,4,70,alnwe-alwl-almdrat-altbeyp,3.1.2.1,32.0,[70]
2,34,النوع الثاني: المدرات الصناعية,4,70,alnwe-alvany-almdrat-alsnaeyp,3.1.2.2,32.0,[70]
2,35,المطلب الثالث أحكام مدرات الحليب,3,71,almtlb-alvalv-hkam-mdrat-alhlyb,3.1.3,30.0,"[71, 72, 73, 74, 75, 76, 77, 78, 79, 80, 81, 82, 83, 84, 85, 86, 87, 88, 89, 90, 91, 92, 93, 94, 95, 96, 97, 98, 99]"
2,36,الفرع الأول حكم تصنيع مدرات الحليب,4,71,alfre-alwl-hkm-tsnye-mdrat-alhlyb,3.1.3.1,35.0,[71]
2,37,الفرع الثاني حكم تعاطي مدرات الحليب,4,72,alfre-alvany-hkm-teaty-mdrat-alhlyb,3.1.3.2,35.0,"[72, 73, 74, 75, 76, 77, 78, 79, 80, 81, 82, 83, 84, 85, 86, 87, 88, 89, 90, 91, 92, 93, 94, 95, 96, 97, 98, 99]"
2,38,المطلب الرابع أثر استخدام مدرات الحليب في انتشار المحرمية,3,100,almtlb-alrabe-vr-astxdam-mdrat-alhlyb-fy-antar-almhrmyp,3.1.4,30.0,"[100, 101, 102, 103, 104, 105, 106, 107, 108, 109, 110, 111, 112, 113, 114, 115, 116, 117, 118, 119, 120, 121, 122, 123, 124, 125, 126, 127, 128, 129, 130, 131, 132, 133, 134, 135, 136, 137, 138]"
2,39,المسألة الأولى: رضاع البكر.,4,114,almslp-alwly-rdae-albkr,3.1.4.1,38.0,"[114, 115, 116, 117, 118, 119]"
2,40,المسألة الثانية: رضاع البكر إذا تزوجت.,4,120,almslp-alvanyp-rdae-albkr-a-tzwjt,3.1.4.2,38.0,"[120, 121, 122, 123, 124]"
2,41,المسألة الثالثة: إذا نزل للرجل حليب، فأرضع به صبيا.,4,125,almslp-alvalvp-a-nzl-llrjl-hlyb-frde-bh-sbya,3.1.4.3,38.0,"[125, 126, 127]"
2,42,المسألة الرابعة: إدرار الآيسة.,4,128,almslp-alrabep-drar-alysp,3.1.4.4,38.0,[128]
2,43,المسألة الخامسة: رضاع المطلقة.,4,129,almslp-alxamsp-rdae-almtlqp,3.1.4.5,38.0,"[129, 130]"
2,44,المسألة السادسة: رضاع المتوفى عنها زوجها.,4,131,almslp-alsadsp-rdae-almtwfy-enha-zwjha,3.1.4.6,38.0,"[131, 132, 133]"
2,45,المسألة السابعة: تناول ما يدر اللبن لمن لزمها الإرضاع.,4,134,almslp-alsabep-tnawl-ma-ydr-allbn-lmn-lzmha-alrdae,3.1.4.7,38.0,[134]
2,46,المسألة الثامنة: إذا خرج من الثدي ماء أصفر.,4,135,almslp-alvamnp-a-xrj-mn-alvdy-ma-sfr,3.1.4.8,38.0,[135]
2,47,المسألة التاسعة: رضاع الخنثى المشكل,4,136,almslp-altasep-rdae-alxnvy-almkl,3.1.4.9,38.0,"[136, 137, 138]"
2,48,القول الأول: لا يتعلق به تحريم,5,136,alqwl-alwl-la-ytelq-bh-thrym,3.1.4.9.1,47.0,[136]
2,49,القول الثاني: لا يخلو من حالين,5,136,alqwl-alvany-la-yxlw-mn-halyn,3.1.4.9.2,47.0,[136]
2,50,القول الثالث: لبن الخنثى لا يقتضي أنوثته,5,136,alqwl-alvalv-lbn-alxnvy-la-yqtdy-nwvth,3.1.4.9.3,47.0,[136]
2,51,القول الرابع: لا ينشر الحرمة مطلقا,5,136,alqwl-alrabe-la-ynr-alhrmp-mtlqa,3.1.4.9.4,47.0,[136]
2,52,القول الخامس: يتعلق به التحريم,5,136,alqwl-alxams-ytelq-bh-althrym,3.1.4.9.5,47.0,"[136, 137, 138]"
2,53,المبحث الثاني موانع در الحليب,2,139,almbhv-alvany-mwane-dr-alhlyb,3.2,29.0,"[139, 140, 141, 142, 143, 144, 145, 146, 147, 148, 149, 150, 151, 152, 153, 154, 155, 156, 157, 158, 159, 160, 161, 162, 163, 164, 165, 166, 167, 168, 169, 170]"
2,54,المطلب الأول حقيقة موانع در الحليب,3,139,almtlb-alwl-hqyqp-mwane-dr-alhlyb,3.2.1,53.0,"[139, 140, 141]"
2,55,المطلب الثاني أنواع موانع در الحليب,3,142,almtlb-alvany-nwae-mwane-dr-alhlyb,3.2.2,53.0,[142]
2,56,النوع الأول: الموانع الطبعية؛,4,142,alnwe-alwl-almwane-altbeyp,3.2.2.1,55.0,[142]
2,57,النوع الثاني: الموانع الصناعية؛,4,142,alnwe-alvany-almwane-alsnaeyp,3.2.2.2,55.0,[142]
2,58,المطلب الثالث أحكام موانع در الحليب,3,142,almtlb-alvalv-hkam-mwane-dr-alhlyb,3.2.3,53.0,"[142, 143, 144, 145, 146, 147, 148, 149, 150, 151, 152, 153, 154, 155, 156, 157, 158, 159, 160, 161, 162, 163, 164, 165, 166, 167, 168, 169, 170]"
2,59,الفرع الأول حكم تصنيع موانع در الحليب,4,142,alfre-alwl-hkm-tsnye-mwane-dr-alhlyb,3.2.3.1,58.0,[142]
2,60,الفرع الثاني حكم تعاطي موانع در الحليب,4,143,alfre-alvany-hkm-teaty-mwane-dr-alhlyb,3.2.3.2,58.0,"[143, 144, 145, 146, 147, 148, 149, 150, 151, 152, 153, 154, 155, 156, 157, 158, 159, 160, 161, 162, 163, 164, 165, 166, 167, 168, 169, 170]"
2,61,بيان الحكم الشرعي لتعاطي تلك الموانع يتطلب دراسة المسائل الآتية,5,143,byan-alhkm-alrey-lteaty-tlk-almwane-yttlb-drasp-almsal-altyp,3.2.3.2.1,60.0,"[143, 144, 145, 146, 147, 148, 149, 150, 151, 152, 153, 154, 155, 156, 157, 158, 159, 160, 161, 162, 163, 164, 165, 166, 167, 168, 169, 170]"
2,62,المسألة الأولى: حكم رضاع الصبي على أمه.,6,143,almslp-alwly-hkm-rdae-alsby-ely-mh,3.2.3.2.1.1,61.0,"[143, 144, 145, 146, 147, 148, 149, 150, 151, 152, 153, 154, 155, 156, 157, 158, 159, 160, 161, 162, 163, 164, 165, 166, 167, 168, 169]"
2,63,القول الأول: واجب مطلقا؛ كما لو كانت مطلقة، أو منعها زوجها غير أبي الرضيع.,7,143,alqwl-alwl-wajb-mtlqa-kma-lw-kant-mtlqp-w-mneha-zwjha-gyr-by-alrdye,3.2.3.2.1.1.1,62.0,[143]
2,64,القول الثاني: واجب؛ إلا أن بتراضي الوالدين كليهما على الفطام، وإذا اختلفا؛ لم يفطماه قبل الحولين.,7,143,alqwl-alvany-wajb-la-n-btrady-alwaldyn-klyhma-ely-alftam-wa-axtlfa-lm-yftmah-qbl-alhwlyn,3.2.3.2.1.1.2,62.0,[143]
2,65,القول الثالث: هي أحق به؛,7,144,alqwl-alvalv-hy-hq-bh,3.2.3.2.1.1.3,62.0,[144]
2,66,القول الرابع: يجب ديانة لا قضاء،,7,144,alqwl-alrabe-yjb-dyanp-la-qda,3.2.3.2.1.1.4,62.0,[144]
2,67,القول الخامس: يلزمها رضاع ابنها أحبت أو كرهت بلا أجر،,7,144,alqwl-alxams-ylzmha-rdae-abnha-hbt-w-krht-bla-jr,3.2.3.2.1.1.5,62.0,[144]
2,68,القول السادس: يجب أن ترضعه اللبأ بأجرة وبدونها،,7,145,alqwl-alsads-yjb-n-trdeh-allb-bjrp-wbdwnha,3.2.3.2.1.1.6,62.0,[145]
2,69,القول السابع: يجب عليها أن ترضع ولدها اللبأ ولا أجرة لها،,7,146,alqwl-alsabe-yjb-elyha-n-trde-wldha-allb-wla-jrp-lha,3.2.3.2.1.1.7,62.0,[146]
2,70,القول الثامن: يلزم الحرة,7,146,alqwl-alvamn-ylzm-alhrp,3.2.3.2.1.1.8,62.0,"[146, 147, 148, 149, 150, 151, 152, 153, 154, 155, 156, 157, 158, 159, 160, 161, 162, 163, 164, 165, 166, 167, 168, 169]"
2,71,أدلة القول الأول: استدل أصحاب القول الأول بما يأتي,8,147,dlp-alqwl-alwl-astdl-shab-alqwl-alwl-bma-yty,3.2.3.2.1.1.8.1,70.0,"[147, 148, 149, 150, 151, 152]"
2,72,أولا: الاستدلال على وجوب الإرضاع على كل من أنجب الله لها ولدا ودر في ضرعها لبنا,9,147,wla-alastdlal-ely-wjwb-alrdae-ely-kl-mn-njb-allh-lha-wlda-wdr-fy-dreha-lbna,3.2.3.2.1.1.8.1.1,71.0,"[147, 148, 149, 150, 151]"
2,73,ثانيا: الاستدلال على عدم ثبوت الأجرة إزاء الرضاع الواجب على الأم,9,152,vanya-alastdlal-ely-edm-vbwt-aljrp-za-alrdae-alwajb-ely-alm,3.2.3.2.1.1.8.1.2,71.0,[152]
2,74,أدلة القول الرابع: استدل أصحاب القول الرابع بما يأتي,8,153,dlp-alqwl-alrabe-astdl-shab-alqwl-alrabe-bma-yty,3.2.3.2.1.1.8.2,70.0,[153]
2,75,أولا: الاستدلال على وجوب الرضاع على الأم ديانة,9,153,wla-alastdlal-ely-wjwb-alrdae-ely-alm-dyanp,3.2.3.2.1.1.8.2.1,74.0,[153]
2,76,ثانيا: الاستدلال على عدم جواز استئجار الأم ما دامت زوجة أو معتدة من نكاح,9,153,vanya-alastdlal-ely-edm-jwaz-astjar-alm-ma-damt-zwjp-w-metdp-mn-nkah,3.2.3.2.1.1.8.2.2,74.0,[153]
2,77,ثالثا: الاستدلال على صحة استئجار أب المولود أم المولود بعد انقضاء العدة، أو في عدتها من طلاق بائن,9,153,valva-alastdlal-ely-shp-astjar-b-almwlwd-m-almwlwd-bed-anqda-aledp-w-fy-edtha-mn-tlaq-ban,3.2.3.2.1.1.8.2.3,74.0,[153]
2,78,أدلة القول الخامس: استدل أصحاب القول الخامس بما يأتي,8,154,dlp-alqwl-alxams-astdl-shab-alqwl-alxams-bma-yty,3.2.3.2.1.1.8.3,70.0,"[154, 155]"
2,79,أولا: الاستدلال على أن الشريفة لا تجبر على الرضاع إذا لم تجر عادة مثلها بذلك,9,154,wla-alastdlal-ely-n-alryfp-la-tjbr-ely-alrdae-a-lm-tjr-eadp-mvlha-blk,3.2.3.2.1.1.8.3.1,78.0,"[154, 155]"
2,80,ثانيا: الاستدلال على أن المطلقة لا تجبر على الرضاع إلا أن تشاء هي بأجرة المثل مع يسر الزوج,9,156,vanya-alastdlal-ely-n-almtlqp-la-tjbr-ely-alrdae-la-n-ta-hy-bjrp-almvl-me-ysr-alzwj,3.2.3.2.1.1.8.3.2,78.0,[156]
2,81,ثالثا: الاستدلال على أن الشريفة والمطلقة تجبران على الرضاع إن لم يقبل المولود غيرها,9,156,valva-alastdlal-ely-n-alryfp-walmtlqp-tjbran-ely-alrdae-n-lm-yqbl-almwlwd-gyrha,3.2.3.2.1.1.8.3.3,78.0,[156]
2,82,أدلة القول السادس: استدل أصحاب القول السادس بما يأتي,8,156,dlp-alqwl-alsads-astdl-shab-alqwl-alsads-bma-yty,3.2.3.2.1.1.8.4,70.0,"[156, 157]"
2,83,أولا: الاستدلال على وجوب إرضاع الأم صبيها من اللبأ بدون أجرة،,9,156,wla-alastdlal-ely-wjwb-rdae-alm-sbyha-mn-allb-bdwn-jrp,3.2.3.2.1.1.8.4.1,82.0,[156]
2,84,ثانيا: الاستدلال على أن للأم طلب الأجرة من زوجها إذا أرضعت صبيها منه اللبأ,9,157,vanya-alastdlal-ely-n-llm-tlb-aljrp-mn-zwjha-a-rdet-sbyha-mnh-allb,3.2.3.2.1.1.8.4.2,82.0,[157]
2,85,ثالثا: الاستدلال على أن الأم لا تجبر على إرضاع ابنها إذا امتنعت وإن كانت في نكاح أبيه إن وجدت أجنبية,9,157,valva-alastdlal-ely-n-alm-la-tjbr-ely-rdae-abnha-a-amtnet-wn-kant-fy-nkah-byh-n-wjdt-jnbyp,3.2.3.2.1.1.8.4.3,82.0,[157]
2,86,رابعا: الاستدلال على أنه ليس للأب منع أم الرضيع إن رغبت في إرضاعه بأجرة مثل,9,157,rabea-alastdlal-ely-nh-lys-llb-mne-m-alrdye-n-rgbt-fy-rdaeh-bjrp-mvl,3.2.3.2.1.1.8.4.4,82.0,[157]
2,87,أدلة القول السابع: استدل أصحاب القول السابع بما يأتي,8,158,dlp-alqwl-alsabe-astdl-shab-alqwl-alsabe-bma-yty,3.2.3.2.1.1.8.5,70.0,[158]
2,88,أولا: الاستدلال على وجوب إرضاع الأم ولدها من اللبأ بلا أجرة,9,158,wla-alastdlal-ely-wjwb-rdae-alm-wldha-mn-allb-bla-jrp,3.2.3.2.1.1.8.5.1,87.0,[158]
2,89,ثانيا: الاستدلال على أن لأبي الرضيع منع أم الرضيع من الإرضاع إن كانت في عصمته,9,158,vanya-alastdlal-ely-n-lby-alrdye-mne-m-alrdye-mn-alrdae-n-kant-fy-esmth,3.2.3.2.1.1.8.5.2,87.0,[158]
2,90,ثالثا: الاستدلال على أن المرضع تزاد في نفقتها,9,158,valva-alastdlal-ely-n-almrde-tzad-fy-nfqtha,3.2.3.2.1.1.8.5.3,87.0,[158]
2,91,أدلة القول الثامن: استدل أصحاب القول الثامن بما يأتي,8,158,dlp-alqwl-alvamn-astdl-shab-alqwl-alvamn-bma-yty,3.2.3.2.1.1.8.6,70.0,"[158, 159, 160, 161, 162, 163, 164, 165, 166, 167, 168, 169]"
2,92,أولا: الاستدلال على لزوم الرضاع على الحرة إذا خيف على ولدها التلف,9,158,wla-alastdlal-ely-lzwm-alrdae-ely-alhrp-a-xyf-ely-wldha-altlf,3.2.3.2.1.1.8.6.1,91.0,[158]
2,93,ثانيا: الاستدلال على عدم لزوم الرضاع على الحرة إذا لم يخف التلف على ولدها,9,159,vanya-alastdlal-ely-edm-lzwm-alrdae-ely-alhrp-a-lm-yxf-altlf-ely-wldha,3.2.3.2.1.1.8.6.2,91.0,[159]
2,94,ثالثا: الاستدلال على أن الأم أحق برضاع ولدها بأجرة مثلها حتى مع مرضعة متبرعة أو مع زوج ثان راض،,9,159,valva-alastdlal-ely-n-alm-hq-brdae-wldha-bjrp-mvlha-hty-me-mrdep-mtbrep-w-me-zwj-van-rad,3.2.3.2.1.1.8.6.3,91.0,[159]
2,95,رابعا: الاستدلال على لزوم زيادة النفقة على الأب لمن أرضعت ولدها وهي في حبال أبيه فاحتاجت لزيادة نفقة,9,160,rabea-alastdlal-ely-lzwm-zyadp-alnfqp-ely-alb-lmn-rdet-wldha-why-fy-hbal-byh-fahtajt-lzyadp-nfqp,3.2.3.2.1.1.8.6.4,91.0,[160]
2,96,خامسا: الاستدلال على أن للأب انتزاع الرضيع من أمه إذا طلبت أكثر من أجرة مثلها ووجد الأب من يرضعه بأجرة مثله أو متبرعة مع وجوب سقياه اللبأ من أمه,9,161,xamsa-alastdlal-ely-n-llb-antzae-alrdye-mn-mh-a-tlbt-kvr-mn-jrp-mvlha-wwjd-alb-mn-yrdeh-bjrp-mvlh-w-mtbrep-me-wjwb-sqyah-allb-mn-mh,3.2.3.2.1.1.8.6.5,91.0,[161]
2,97,سادسا: الدليل على سقوط حق الأم في الرضاع إن منعها زوجها غير أبي الطفل من رضاعه,9,161,sadsa-aldlyl-ely-sqwt-hq-alm-fy-alrdae-n-mneha-zwjha-gyr-by-altfl-mn-rdaeh,3.2.3.2.1.1.8.6.6,91.0,[161]
2,98,سابعا: الاستدلال على لزوم الرضاع على أم ولد لولدها مطلقا,9,161,sabea-alastdlal-ely-lzwm-alrdae-ely-m-wld-lwldha-mtlqa,3.2.3.2.1.1.8.6.7,91.0,[161]
2,99,ثامنا: الاستدلال على سقوط حق أم الولد في رضاع ولدها متى باعها سيدها أو وهبها أو زوجها,9,162,vamna-alastdlal-ely-sqwt-hq-m-alwld-fy-rdae-wldha-mty-baeha-sydha-w-whbha-w-zwjha,3.2.3.2.1.1.8.6.8,91.0,"[162, 163, 164, 165, 166, 167, 168, 169]"
2,100,المسألة الثانية: حكم تناول ما يفسد اللبن.,6,170,almslp-alvanyp-hkm-tnawl-ma-yfsd-allbn,3.2.3.2.1.2,61.0,[170]
2,101,المبحث الثالث بنوك الحليب,2,171,almbhv-alvalv-bnwk-alhlyb,3.3,29.0,"[171, 172, 173, 174, 175, 176, 177, 178, 179, 180, 181, 182, 183, 184, 185, 186, 187, 188, 189, 190, 191, 192, 193, 194, 195, 196, 197, 198, 199, 200, 201, 202, 203, 204, 205, 206, 207, 208, 209, 210, 211, 212, 213, 214, 215, 216, 217, 218, 219, 220, 221, 222, 223, 224, 225, 226, 227, 228, 229, 230, 231, 232, 233, 234, 235, 236, 237]"
2,102,المطلب الأول حقيقة بنوك الحليب,3,171,almtlb-alwl-hqyqp-bnwk-alhlyb,3.3.1,101.0,"[171, 172]"
2,103,المطلب الثاني نشأة بنوك الحليب وتاريخ ظهورها,3,173,almtlb-alvany-np-bnwk-alhlyb-wtaryx-zhwrha,3.3.2,101.0,[173]
2,104,المطلب الثالث الفرق بين بنوك الحليب وغيرها,3,174,almtlb-alvalv-alfrq-byn-bnwk-alhlyb-wgyrha,3.3.3,101.0,"[174, 175]"
2,105,المطلب الرابع آلية العمل في بنوك الحليب,3,176,almtlb-alrabe-lyp-aleml-fy-bnwk-alhlyb,3.3.4,101.0,"[176, 177]"
2,106,المطلب الخامس حكم بنوك الحليب,3,178,almtlb-alxams-hkm-bnwk-alhlyb,3.3.5,101.0,"[178, 179, 180, 181, 182, 183, 184, 185, 186, 187, 188, 189, 190, 191, 192, 193, 194, 195, 196, 197, 198, 199, 200, 201, 202, 203, 204, 205, 206, 207, 208, 209, 210, 211, 212, 213, 214, 215, 216, 217, 218]"
2,107,الفرع الأول حكم إنشاء بنوك الحليب,4,178,alfre-alwl-hkm-na-bnwk-alhlyb,3.3.5.1,106.0,[178]
2,108,الفرع الثاني حكم التعامل مع بنوك الحليب,4,178,alfre-alvany-hkm-alteaml-me-bnwk-alhlyb,3.3.5.2,106.0,"[178, 179, 180, 181, 182, 183, 184, 185, 186, 187, 188, 189, 190, 191, 192, 193, 194, 195, 196, 197, 198, 199, 200, 201, 202, 203, 204, 205, 206, 207, 208, 209, 210, 211, 212, 213, 214, 215, 216, 217, 218]"
2,109,يستلزم بيان حكم التعامل مع بنوك الحليب الوقوف على المسائل الآتية، وهي,5,178,ystlzm-byan-hkm-alteaml-me-bnwk-alhlyb-alwqwf-ely-almsal-altyp-why,3.3.5.2.1,108.0,"[178, 179, 180, 181, 182, 183, 184, 185, 186, 187, 188, 189, 190, 191, 192, 193, 194, 195, 196, 197, 198, 199, 200, 201, 202, 203, 204, 205, 206, 207, 208, 209, 210, 211, 212, 213, 214, 215, 216, 217, 218]"
2,110,المسألة الأولى: حكم بيع حليب الآدميات.,6,178,almslp-alwly-hkm-bye-hlyb-aldmyat,3.3.5.2.1.1,109.0,"[178, 179, 180, 181, 182, 183, 184, 185, 186, 187, 188, 189]"
2,111,القول الأول: لا يجوز بيعه,7,178,alqwl-alwl-la-yjwz-byeh,3.3.5.2.1.1.1,110.0,[178]
2,112,القول الثاني: يجوز بيع لبن الأمة دون لبن الحرة,7,178,alqwl-alvany-yjwz-bye-lbn-almp-dwn-lbn-alhrp,3.3.5.2.1.1.2,110.0,[178]
2,113,القول الثالث: يجوز بيعه,7,179,alqwl-alvalv-yjwz-byeh,3.3.5.2.1.1.3,110.0,[179]
2,114,القول الرابع: يكره، ويصح,7,179,alqwl-alrabe-ykrh-wysh,3.3.5.2.1.1.4,110.0,"[179, 180, 181, 182, 183, 184, 185, 186, 187, 188, 189]"
2,115,المسألة الثانية: حكم بيع لبن الرجل.,6,190,almslp-alvanyp-hkm-bye-lbn-alrjl,3.3.5.2.1.2,109.0,[190]
2,116,المسألة الثالثة: طهارة حليب الآدمي.,6,190,almslp-alvalvp-tharp-hlyb-aldmy,3.3.5.2.1.3,109.0,[190]
2,117,المسألة الرابعة: استعاطة الرجل بلبن المرأة.,6,191,almslp-alrabep-asteatp-alrjl-blbn-almrp,3.3.5.2.1.4,109.0,[191]
2,118,المسألة الخامسة: حليب الفاجرة وغير المسلمة.,6,192,almslp-alxamsp-hlyb-alfajrp-wgyr-almslmp,3.3.5.2.1.5,109.0,"[192, 193, 194, 195, 196, 197]"
2,119,القول الأول: لا بأس بأن يستأجر المسلم الظئر الكافرة، أو الفاجرة,7,192,alqwl-alwl-la-bs-bn-ystjr-almslm-alzr-alkafrp-w-alfajrp,3.3.5.2.1.5.1,118.0,[192]
2,120,القول الثاني: يكره لبن المجوسية والكتابية والفاجرة من غير تحريم,7,192,alqwl-alvany-ykrh-lbn-almjwsyp-walktabyp-walfajrp-mn-gyr-thrym,3.3.5.2.1.5.2,118.0,[192]
2,121,القول الثالث: يكره الارتضاع من عموم المشركات وأهل الذمة والفاجرات,7,192,alqwl-alvalv-ykrh-alartdae-mn-emwm-almrkat-whl-almp-walfajrat,3.3.5.2.1.5.3,118.0,[192]
2,122,القول الرابع: لا يجوز استرضاع كافرة غير الكتابية,7,192,alqwl-alrabe-la-yjwz-astrdae-kafrp-gyr-alktabyp,3.3.5.2.1.5.4,118.0,[192]
2,123,القول الخامس: لا يجوز مطلقا في غير المسلمة,7,192,alqwl-alxams-la-yjwz-mtlqa-fy-gyr-almslmp,3.3.5.2.1.5.5,118.0,"[192, 193, 194, 195, 196, 197]"
2,124,المسألة السادسة: رضاع الحمقاء أو سيئة الخلق أو الزنجية.,6,198,almslp-alsadsp-rdae-alhmqa-w-syp-alxlq-w-alznjyp,3.3.5.2.1.6,109.0,"[198, 199, 200]"
2,125,المسألة السابعة: رضاع العمياء والجذماء والبرصاء.,6,201,almslp-alsabep-rdae-alemya-waljma-walbrsa,3.3.5.2.1.7,109.0,[201]
2,126,المسألة الثامنة: رضاع المجنونة والسكرى.,6,202,almslp-alvamnp-rdae-almjnwnp-walskry,3.3.5.2.1.8,109.0,[202]
2,127,المسألة التاسعة: إرضاع المسلمة الكافرة.,6,202,almslp-altasep-rdae-almslmp-alkafrp,3.3.5.2.1.9,109.0,"[202, 203, 204, 205]"
2,128,المسألة العاشرة: الرضاع في دار الحرب.,6,206,almslp-alearp-alrdae-fy-dar-alhrb,3.3.5.2.1.10,109.0,"[206, 207, 208, 209, 210, 211, 212, 213, 214, 215, 216, 217, 218]"
2,129,المطلب السادس أثر بنوك الحليب في انتشار المحرمية,3,219,almtlb-alsads-vr-bnwk-alhlyb-fy-antar-almhrmyp,3.3.6,101.0,"[219, 220, 221, 222, 223, 224, 225, 226, 227, 228, 229, 230, 231, 232, 233, 234, 235, 236, 237]"
2,130,ولبيان أثر بنوك الحليب في انتشار المحرمية، أنتقل إلى دراسة المسائل الآتية,4,219,wlbyan-vr-bnwk-alhlyb-fy-antar-almhrmyp-ntql-ly-drasp-almsal-altyp,3.3.6.1,129.0,"[219, 220, 221, 222, 223, 224, 225, 226, 227, 228, 229, 230, 231, 232, 233, 234, 235, 236, 237]"
2,131,المسألة الأولى: اختلاط الحليب بالدواء.,5,219,almslp-alwly-axtlat-alhlyb-baldwa,3.3.6.1.1,130.0,"[219, 220, 221, 222, 223, 224, 225]"
2,132,المسألة الثانية: اختلاط حليب الآدمية بغيرها من الآدميات.,5,226,almslp-alvanyp-axtlat-hlyb-aldmyp-bgyrha-mn-aldmyat,3.3.6.1.2,130.0,"[226, 227, 228, 229]"
2,133,القول الأول: إذا اختلط لبن امرأتين تعلق التحريم بأكثرهما وأغلبهما,6,226,alqwl-alwl-a-axtlt-lbn-amrtyn-telq-althrym-bkvrhma-wglbhma,3.3.6.1.2.1,132.0,[226]
2,134,القول الثاني: إذا اختلط لبن امرأتين تعلق بهما التحريم مطلقا,6,226,alqwl-alvany-a-axtlt-lbn-amrtyn-telq-bhma-althrym-mtlqa,3.3.6.1.2.2,132.0,"[226, 227, 228, 229]"
2,135,المسألة الثالثة: رضاع أهل الأرض.,5,230,almslp-alvalvp-rdae-hl-alrd,3.3.6.1.3,130.0,[230]
2,136,المسألة الرابعة: قطرة الحليب.,5,231,almslp-alrabep-qtrp-alhlyb,3.3.6.1.4,130.0,[231]
2,137,المسألة الخامسة: الرضاع بعد الفطام.,5,232,almslp-alxamsp-alrdae-bed-alftam,3.3.6.1.5,130.0,[232]
2,138,المسألة السادسة: تعدد الرضعات في أحد الطرفين.,5,233,almslp-alsadsp-tedd-alrdeat-fy-hd-altrfyn,3.3.6.1.6,130.0,"[233, 234, 235, 236, 237]"
2,139,القول الأول: الاعتبار بخروج اللبن من المرض,6,233,alqwl-alwl-alaetbar-bxrwj-allbn-mn-almrd,3.3.6.1.6.1,138.0,[233]
2,140,القول الثاني: الاعتبار بوصول اللبن للرضيع,6,233,alqwl-alvany-alaetbar-bwswl-allbn-llrdye,3.3.6.1.6.2,138.0,"[233, 234, 235, 236, 237]"
2,141,المبحث الرابع حقن الحليب,2,238,almbhv-alrabe-hqn-alhlyb,3.4,29.0,"[238, 239, 240, 241, 242, 243, 244, 245, 246, 247, 248, 249, 250, 251, 252]"
2,142,المطلب الأول حقيقة حقن الحليب,3,238,almtlb-alwl-hqyqp-hqn-alhlyb,3.4.1,141.0,[238]
2,143,المطلب الثاني أنواع حقن الحليب,3,239,almtlb-alvany-nwae-hqn-alhlyb,3.4.2,141.0,[239]
2,144,المطلب الثالث حكم استخدام حقن الحليب,3,240,almtlb-alvalv-hkm-astxdam-hqn-alhlyb,3.4.3,141.0,[240]
2,145,المطلب الرابع أثر استخدام حقن الحليب في انتشار المحرمية,3,240,almtlb-alrabe-vr-astxdam-hqn-alhlyb-fy-antar-almhrmyp,3.4.4,141.0,"[240, 241, 242, 243, 244, 245, 246, 247, 248, 249, 250, 251, 252]"
2,146,المسألة الأولى: ضابط الرضاع المحرم من حيث طريقة وصول الحليب إلى الرضيع.,4,240,almslp-alwly-dabt-alrdae-almhrm-mn-hyv-tryqp-wswl-alhlyb-ly-alrdye,3.4.4.1,145.0,"[240, 241, 242, 243]"
2,147,القول الأول: يعتبر وصول الحليب إلى المعدة,5,240,alqwl-alwl-yetbr-wswl-alhlyb-ly-almedp,3.4.4.1.1,146.0,[240]
2,148,القول الثاني: لا يشترط التقام الثدي لثبوت المحرمية في الارتضاع,5,240,alqwl-alvany-la-ytrt-altqam-alvdy-lvbwt-almhrmyp-fy-alartdae,3.4.4.1.2,146.0,[240]
2,149,القول الثالث: يشترط امتصاص الراضع من ثدي المرضعة بفيه ليكون الرضاع محرما,5,240,alqwl-alvalv-ytrt-amtsas-alrade-mn-vdy-almrdep-bfyh-lykwn-alrdae-mhrma,3.4.4.1.3,146.0,"[240, 241, 242, 243]"
2,150,المسألة الثانية: صب الحليب في جراحة البطن.,4,244,almslp-alvanyp-sb-alhlyb-fy-jrahp-albtn,3.4.4.2,145.0,"[244, 245]"
2,151,المسألة الثالثة: حقن الحليب من طريق الدبر.,4,246,almslp-alvalvp-hqn-alhlyb-mn-tryq-aldbr,3.4.4.3,145.0,"[246, 247, 248, 249, 250]"
2,152,المسألة الرابعة: اشتراط وصول اللبن على صفة واحدة.,4,251,almslp-alrabep-atrat-wswl-allbn-ely-sfp-wahdp,3.4.4.4,145.0,"[251, 252]"
2,153,المبحث الخامس حليب الأنابيب,2,253,almbhv-alxams-hlyb-alnabyb,3.5,29.0,"[253, 254, 255, 256, 257, 258, 259, 260, 261, 262, 263, 264, 265, 266, 267, 268, 269, 270, 271, 272, 273]"
2,154,المطلب الأول حقيقة حليب الأنابيب,3,253,almtlb-alwl-hqyqp-hlyb-alnabyb,3.5.1,153.0,[253]
2,155,المطلب الثاني أنواع أنابيب الحليب,3,254,almtlb-alvany-nwae-nabyb-alhlyb,3.5.2,153.0,"[254, 255, 256, 257]"
2,156,تنقسم أنابيب الحليب من حيث طريقة إيصال الحليب إلى نوعين,4,254,tnqsm-nabyb-alhlyb-mn-hyv-tryqp-ysal-alhlyb-ly-nweyn,3.5.2.1,155.0,[254]
2,157,النوع الأول: التسريب المستمر، أو التغذية بالتقتير.,5,254,alnwe-alwl-altsryb-almstmr-w-altgyp-baltqtyr,3.5.2.1.1,156.0,[254]
2,158,الآخر: التغذية بالتزقيم.,5,254,alxr-altgyp-baltzqym,3.5.2.1.2,156.0,[254]
2,159,كما تنقسم أنابيب حليب الطفل من حيث نوع الأنبوب وغذاؤه، إلى قسمين,4,254,kma-tnqsm-nabyb-hlyb-altfl-mn-hyv-nwe-alnbwb-wgah-ly-qsmyn,3.5.2.2,155.0,"[254, 255, 256, 257]"
2,160,النوع الأول: أنبوب المعدة، أو التغذية الأنبوبية.,5,254,alnwe-alwl-nbwb-almedp-w-altgyp-alnbwbyp,3.5.2.2.1,159.0,"[254, 255, 256]"
2,161,النوع الآخر: أنبوب المكملات الغذائية.,5,257,alnwe-alxr-nbwb-almkmlat-algayp,3.5.2.2.2,159.0,[257]
2,162,المطلب الثالث حكم استخدام حليب الأنابيب,3,258,almtlb-alvalv-hkm-astxdam-hlyb-alnabyb,3.5.3,153.0,[258]
2,163,المطلب الرابع أثر استخدام حليب الأنابيب في انتشار المحرمية,3,258,almtlb-alrabe-vr-astxdam-hlyb-alnabyb-fy-antar-almhrmyp,3.5.4,153.0,"[258, 259, 260, 261, 262, 263, 264, 265, 266, 267, 268, 269, 270, 271, 272, 273]"
2,164,المسألة الأولى: أثر السعوط والوجور في الرضاع.,4,258,almslp-alwly-vr-alsewt-walwjwr-fy-alrdae,3.5.4.1,163.0,"[258, 259, 260, 261, 262, 263, 264]"
2,165,المسألة الثانية: أنبوب الأذن.,4,265,almslp-alvanyp-nbwb-aln,3.5.4.2,163.0,"[265, 266]"
2,166,المسألة الثالثة: أنبوب الإحليل.,4,267,almslp-alvalvp-nbwb-alhlyl,3.5.4.3,163.0,"[267, 268]"
2,167,المسألة الرابعة: نفاذ الحليب من العين.,4,269,almslp-alrabep-nfa-alhlyb-mn-aleyn,3.5.4.4,163.0,[269]
2,168,المسألة الخامسة: ارتجاع الحليب.,4,270,almslp-alxamsp-artjae-alhlyb,3.5.4.5,163.0,"[270, 271]"
2,169,المسألة السادسة: ارتضاع الطفل قبل أن ينفصل من والدته تمام الانفصال.,4,272,almslp-alsadsp-artdae-altfl-qbl-n-ynfsl-mn-waldth-tmam-alanfsal,3.5.4.6,163.0,[272]
2,170,المسألة السابعة: إرضاع الميت.,4,272,almslp-alsabep-rdae-almyt,3.5.4.7,163.0,"[272, 273]"
2,171,المبحث السادس تحويل الحليب إلى أشكال أخرى,2,274,almbhv-alsads-thwyl-alhlyb-ly-kal-xry,3.6,29.0,"[274, 275, 276, 277, 278, 279, 280, 281, 282, 283, 284, 285, 286, 287, 288, 289, 290, 291, 292, 293, 294]"
2,172,المطلب الأول أنواع الأشكال التي يحول إليها الحليب,3,274,almtlb-alwl-nwae-alkal-alty-yhwl-lyha-alhlyb,3.6.1,171.0,"[274, 275]"
2,173,الفرع الأول تحويل الحليب إلى مسحوق مجفف,4,274,alfre-alwl-thwyl-alhlyb-ly-mshwq-mjff,3.6.1.1,172.0,[274]
2,174,الفرع الثاني تجبين الحليب,4,275,alfre-alvany-tjbyn-alhlyb,3.6.1.2,172.0,[275]
2,175,الفرع الثالث تحويل الحليب أقطا,4,276,alfre-alvalv-thwyl-alhlyb-qta,3.6.1.3,172.0,[276]
2,176,المطلب الثاني حكم تحويل الحليب إلى أشكال أخرى,3,276,almtlb-alvany-hkm-thwyl-alhlyb-ly-kal-xry,3.6.2,171.0,[276]
2,177,المطلب الثالث أثر الأشكال التي يحول إليها الحليب في انتشار المحرمية,3,277,almtlb-alvalv-vr-alkal-alty-yhwl-lyha-alhlyb-fy-antar-almhrmyp,3.6.3,171.0,"[277, 278, 279, 280, 281, 282, 283, 284, 285, 286, 287, 288, 289, 290, 291, 292, 293, 294]"
2,178,المسألة الأولى: اختلاط الحليب بالماء.,4,277,almslp-alwly-axtlat-alhlyb-balma,3.6.3.1,177.0,"[277, 278, 279, 280, 281, 282]"
2,179,المسألة الثانية: اختلاط الحليب بالطعام.,4,283,almslp-alvanyp-axtlat-alhlyb-balteam,3.6.3.2,177.0,"[283, 284, 285, 286, 287]"
2,180,المسألة الثالثة: ضابط الغلبة.,4,288,almslp-alvalvp-dabt-alglbp,3.6.3.3,177.0,[288]
2,181,المسألة الرابعة: جعل لبن الآدمية جبنا.,4,288,almslp-alrabep-jel-lbn-aldmyp-jbna,3.6.3.4,177.0,"[288, 289, 290]"
2,182,القول الأول: إذا جبن لبن امرأة,5,289,alqwl-alwl-a-jbn-lbn-amrp,3.6.3.4.1,181.0,[289]
2,183,القول الثاني: لا يحرم الحليب إذا جبن,5,289,alqwl-alvany-la-yhrm-alhlyb-a-jbn,3.6.3.4.2,181.0,"[289, 290]"
2,184,المسألة الخامسة: جعل اللبن أقطا أو روبا أو زبدا أو مخيضا أو مصلا.,4,291,almslp-alxamsp-jel-allbn-qta-w-rwba-w-zbda-w-mxyda-w-msla,3.6.3.5,177.0,"[291, 292]"
2,185,المسألة السادسة: استهلاك الحليب.,4,293,almslp-alsadsp-asthlak-alhlyb,3.6.3.6,177.0,[293]
2,186,المسألة السابعة: تغير الحليب.,4,294,almslp-alsabep-tgyr-alhlyb,3.6.3.7,177.0,[294]
2,187,المبحث السابع آلات امتصاص الحليب من الثدي,2,295,almbhv-alsabe-lat-amtsas-alhlyb-mn-alvdy,3.7,29.0,"[295, 296, 297, 298, 299, 300, 301]"
2,188,المطلب الأول أنواع آلات امتصاص الحليب,3,298,almtlb-alwl-nwae-lat-amtsas-alhlyb,3.7.1,187.0,"[298, 299, 300]"
2,189,يوجد من آلات امتصاص الحليب نوعان رئيسان,4,298,ywjd-mn-lat-amtsas-alhlyb-nwean-rysan,3.7.1.1,188.0,"[298, 299, 300]"
2,190,أ - النوع الأول: مضخة الثدي، وهي صنفان,5,298,-alnwe-alwl-mdxp-alvdy-why-snfan,3.7.1.1.1,189.0,"[298, 299]"
2,191,ب - مضخة الثدي الآلية.,5,300,b-mdxp-alvdy-allyp,3.7.1.1.2,189.0,[300]
2,192,المطلب الثاني أحكام آلات امتصاص الحليب,3,301,almtlb-alvany-hkam-lat-amtsas-alhlyb,3.7.2,187.0,[301]
2,193,الفرع الأول حكم تصنيع آلات امتصاص الحليب,4,301,alfre-alwl-hkm-tsnye-lat-amtsas-alhlyb,3.7.2.1,192.0,[301]
2,194,الفرع الثاني حكم استخدام آلات امتصاص الحليب,4,301,alfre-alvany-hkm-astxdam-lat-amtsas-alhlyb,3.7.2.2,192.0,[301]
2,195,المطلب الثالث أثر آلات امتصاص الحليب في انتشار المحرمية,3,301,almtlb-alvalv-vr-lat-amtsas-alhlyb-fy-antar-almhrmyp,3.7.3,187.0,[301]
2,196,المبحث الثامن الحليب الصناعي,2,302,almbhv-alvamn-alhlyb-alsnaey,3.8,29.0,"[302, 303, 304, 305, 306, 307, 308, 309, 310, 311, 312, 313, 314, 315, 316, 317, 318, 319, 320, 321, 322, 323, 324, 325, 326, 327]"
2,197,المطلب الأول حقيقة الحليب الصناعي,3,302,almtlb-alwl-hqyqp-alhlyb-alsnaey,3.8.1,196.0,"[302, 303, 304, 305, 306, 307, 308, 309, 310, 311, 312, 313, 314, 315, 316, 317]"
2,198,المطلب الثاني أنواع الحليب الصناعي,3,318,almtlb-alvany-nwae-alhlyb-alsnaey,3.8.2,196.0,"[318, 319]"
2,199,المطلب الثالث أحكام الحليب الصناعي,3,320,almtlb-alvalv-hkam-alhlyb-alsnaey,3.8.3,196.0,"[320, 321, 322, 323, 324, 325, 326, 327]"
2,200,الفرع الأول حكم تصنيع الحليب الصناعي,4,320,alfre-alwl-hkm-tsnye-alhlyb-alsnaey,3.8.3.1,199.0,[320]
2,201,الفرع الثاني حكم استخدام الحليب الصناعي,4,321,alfre-alvany-hkm-astxdam-alhlyb-alsnaey,3.8.3.2,199.0,"[321, 322, 323, 324, 325, 326, 327]"
2,202,المسألة الأولى: تعلق التحريم بحليب البهائم,5,321,almslp-alwly-telq-althrym-bhlyb-albham,3.8.3.2.1,201.0,"[321, 322]"
2,203,القول الأول: لا يتعلق بلبن البهيمة تحريم,6,321,alqwl-alwl-la-ytelq-blbn-albhymp-thrym,3.8.3.2.1.1,202.0,[321]
2,204,القول الثاني: إذا ارتضع اثنان من لبن بهيمة صارا أخوين,6,322,alqwl-alvany-a-artde-avnan-mn-lbn-bhymp-sara-xwyn,3.8.3.2.1.2,202.0,[322]
2,205,المسألة الثانية: خلط حليب الآدمية بالحليب الحيواني,5,323,almslp-alvanyp-xlt-hlyb-aldmyp-balhlyb-alhywany,3.8.3.2.2,201.0,[323]
2,206,القول الأول: إذا غلب حليب المرأة؛ تعلق به التحريم، وكذا إذا استويا,6,323,alqwl-alwl-a-glb-hlyb-almrp-telq-bh-althrym-wka-a-astwya,3.8.3.2.2.1,205.0,[323]
2,207,القول الثاني: إذا غلب حليب المرأة تعلق به التحريم، ولم ينصوا على حالة الاستواء,6,323,alqwl-alvany-a-glb-hlyb-almrp-telq-bh-althrym-wlm-ynswa-ely-halp-alastwa,3.8.3.2.2.2,205.0,[323]
2,208,المسألة الثالثة: بول الغلام الرضيع الذي لم يأكل الطعام إذا تغذى على الحليب الصناعي,5,323,almslp-alvalvp-bwl-alglam-alrdye-aly-lm-ykl-alteam-a-tgy-ely-alhlyb-alsnaey,3.8.3.2.3,201.0,[323]
2,209,المسألة الرابعة: إرضاع الطفل الحليب الحيواني,5,324,almslp-alrabep-rdae-altfl-alhlyb-alhywany,3.8.3.2.4,201.0,[324]
2,210,المسألة الخامسة: حكم تعاطي الحليب الصناعي,5,325,almslp-alxamsp-hkm-teaty-alhlyb-alsnaey,3.8.3.2.5,201.0,"[325, 326, 327]"
2,211,المبحث التاسع قارورة الرضاعة,2,328,almbhv-altase-qarwrp-alrdaep,3.9,29.0,"[328, 329, 330, 331, 332]"
2,212,المطلب الأول حقيقة قارورة الرضاعة,3,328,almtlb-alwl-hqyqp-qarwrp-alrdaep,3.9.1,211.0,"[328, 329]"
2,213,المطلب الثاني أثر قارورة الرضاعة في انتشار المحرمية,3,330,almtlb-alvany-vr-qarwrp-alrdaep-fy-antar-almhrmyp,3.9.2,211.0,"[330, 331, 332]"
2,214,المبحث العاشر الاعتماد على قول الأطباء في استخدام الوسائل الحديثة,2,333,almbhv-alear-alaetmad-ely-qwl-altba-fy-astxdam-alwsal-alhdyvp,3.10,29.0,"[333, 334, 335]"
2,215,المطلب الأول حكم الاعتماد على قول الأطباء في استخدام الوسائل الحديثة,3,333,almtlb-alwl-hkm-alaetmad-ely-qwl-altba-fy-astxdam-alwsal-alhdyvp,3.10.1,214.0,[333]
2,216,المطلب الثاني أثر الاعتماد على قول الأطباء في استخدام الوسائل الحديثة,3,334,almtlb-alvany-vr-alaetmad-ely-qwl-altba-fy-astxdam-alwsal-alhdyvp,3.10.2,214.0,"[334, 335]"
2,217,المبحث الحادي عشر رضاع المستأجر رحمها,2,336,almbhv-alhady-er-rdae-almstjr-rhmha,3.11,29.0,"[336, 337, 338, 339, 340, 341, 342, 343, 344, 345, 346, 347, 348, 349, 350, 351, 352, 353, 354, 355, 356, 357]"
2,218,المطلب الأول حقيقة رضاع المستأجر رحمها,3,336,almtlb-alwl-hqyqp-rdae-almstjr-rhmha,3.11.1,217.0,"[336, 337, 338, 339]"
2,219,المطلب الثاني حكم رضاع المستأجر رحمها,3,340,almtlb-alvany-hkm-rdae-almstjr-rhmha,3.11.2,217.0,"[340, 341, 342]"
2,220,المطلب الثالث أثر رضاع المستأجر رحمها في انتشار المحرمية,3,343,almtlb-alvalv-vr-rdae-almstjr-rhmha-fy-antar-almhrmyp,3.11.3,217.0,"[343, 344, 345, 346, 347, 348, 349, 350, 351, 352, 353, 354, 355, 356, 357]"
2,221,المسألة الأولى: ضابط الأمومة الشرعي.,4,343,almslp-alwly-dabt-almwmp-alrey,3.11.3.1,220.0,"[343, 344]"
2,222,المسألة الثانية: حمل المرضعة ممن لا يلحق نسب ولدها به.,4,345,almslp-alvanyp-hml-almrdep-mmn-la-ylhq-nsb-wldha-bh,3.11.3.2,220.0,"[345, 346]"
2,223,المسألة الثالثة: ما يثبت به أبوة زوج المرضعة لمن أرضعته.,4,347,almslp-alvalvp-ma-yvbt-bh-bwp-zwj-almrdep-lmn-rdeth,3.11.3.3,220.0,"[347, 348]"
2,224,المسألة الرابعة: اللبن الذي ثاب أصله من وطء بشبهة لمن تزوجت.,4,349,almslp-alrabep-allbn-aly-vab-slh-mn-wt-bbhp-lmn-tzwjt,3.11.3.4,220.0,[349]
2,225,المسألة الخامسة: اللبن الثائب من زنا.,4,350,almslp-alxamsp-allbn-alvab-mn-zna,3.11.3.5,220.0,"[350, 351, 352]"
2,226,المسألة السادسة: رضاع المتزوجة ذات اللبن إذا زنت.,4,353,almslp-alsadsp-rdae-almtzwjp-at-allbn-a-znt,3.11.3.6,220.0,[353]
2,227,المسألة السابعة: لبن الملاعنة.,4,354,almslp-alsabep-lbn-almlaenp,3.11.3.7,220.0,"[354, 355, 356, 357]"
2,228,المبحث الثاني عشر الحليب المعالج بالأشعة,2,358,almbhv-alvany-er-alhlyb-almealj-balep,3.12,29.0,"[358, 359, 360]"
2,229,المطلب الأول حقيقة الحليب المعالج بالأشعة,3,358,almtlb-alwl-hqyqp-alhlyb-almealj-balep,3.12.1,228.0,"[358, 359]"
2,230,المطلب الثاني حكم معالجة الحليب بالأشعة,3,360,almtlb-alvany-hkm-mealjp-alhlyb-balep,3.12.2,228.0,[360]
2,231,المطلب الثالث أثر الحليب المعالج بالأشعة في انتشار المحرمية,3,360,almtlb-alvalv-vr-alhlyb-almealj-balep-fy-antar-almhrmyp,3.12.3,228.0,[360]
2,232,المبحث الثالث عشر مسؤولية الطبيب في استخدام الوسائل الحديثة المتعلقة بالرضاع,2,361,almbhv-alvalv-er-mswlyp-altbyb-fy-astxdam-alwsal-alhdyvp-almtelqp-balrdae,3.13,29.0,"[361, 362, 363, 364, 365]"
2,233,الفصل الثاني: الأحكام المتعلقة بالمرتضع.,1,366,alfsl-alvany-alhkam-almtelqp-balmrtde,4,,"[366, 367, 368, 369]"
2,234,المبحث الأول الاتجار بالحليب,2,366,almbhv-alwl-alatjar-balhlyb,4.1,233.0,"[366, 367]"
2,235,المطلب الأول وسائل الاتجار بالحليب,3,366,almtlb-alwl-wsal-alatjar-balhlyb,4.1.1,234.0,[366]
2,236,المطلب الثاني حكم الاتجار بالحليب,3,366,almtlb-alvany-hkm-alatjar-balhlyb,4.1.2,234.0,"[366, 367]"
2,237,المبحث الثاني ما يلحق بالحليب,2,368,almbhv-alvany-ma-ylhq-balhlyb,4.2,233.0,"[368, 369]"
2,238,المطلب الأول ما يقوم مقام الحليب في انتشار المحرمية,3,368,almtlb-alwl-ma-yqwm-mqam-alhlyb-fy-antar-almhrmyp,4.2.1,237.0,[368]
2,239,المطلب الثاني ما لا يقوم مقام الحليب في انتشار المحرمية,3,369,almtlb-alvany-ma-la-yqwm-mqam-alhlyb-fy-antar-almhrmyp,4.2.2,237.0,[369]
2,240,الفصل الثالث الأحكام المتعلقة بالمرتضع والمرضع,1,370,alfsl-alvalv-alhkam-almtelqp-balmrtde-walmrde,5,,"[370, 371, 372, 373, 374, 375, 376, 377, 378, 379, 380, 381, 382, 383, 384, 385, 386, 387, 388, 389, 390, 391, 392, 393, 394, 395, 396, 397, 398, 399, 400, 401, 402, 403, 404, 405, 406, 407, 408, 409, 410, 411, 412, 413, 414, 415, 416, 417, 418, 419, 420, 421, 422, 423, 424, 425, 426, 427, 428, 429, 430, 431, 432, 433, 434, 435, 436, 437, 438, 439, 440, 441, 442, 443, 444, 445, 446, 447, 448, 449, 450, 451, 452, 453, 454, 455, 456, 457, 458, 459, 460, 461, 462, 463, 464, 465, 466, 467, 468, 469, 470, 471, 472, 473, 474, 475, 476, 477, 478, 479, 480, 481, 482, 483, 484, 485, 486, 487, 488, 489, 490, 491, 492, 493, 494, 495, 496, 497, 498, 499, 500, 501, 502]"
2,241,المبحث الأول العلاقة بين طفلين رضعا من حليب مشترك,2,370,almbhv-alwl-alelaqp-byn-tflyn-rdea-mn-hlyb-mtrk,5.1,240.0,"[370, 371, 372, 373, 374, 375, 376, 377, 378, 379, 380, 381, 382, 383, 384, 385, 386, 387, 388, 389, 390, 391, 392, 393, 394, 395, 396, 397, 398, 399, 400, 401, 402, 403, 404, 405, 406, 407, 408, 409, 410, 411, 412, 413, 414, 415, 416, 417, 418]"
2,242,المسألة الأولى: العدد المجزئ في الرضاع المحرم.,3,370,almslp-alwly-aledd-almjz-fy-alrdae-almhrm,5.1.1,241.0,"[370, 371, 372, 373, 374, 375, 376, 377, 378, 379, 380, 381, 382, 383, 384, 385, 386, 387, 388, 389, 390, 391, 392, 393, 394, 395]"
2,243,القول الأول: قليل الرضاع وكثيره سواء في الحكم,4,371,alqwl-alwl-qlyl-alrdae-wkvyrh-swa-fy-alhkm,5.1.1.1,242.0,"[371, 372]"
2,244,القول الثاني: لا يثبت التحريم إلا بخمس رضعات,4,373,alqwl-alvany-la-yvbt-althrym-la-bxms-rdeat,5.1.1.2,242.0,"[373, 374]"
2,245,القول الثالث: تثبت الحرمة بثلاث رضعات، فلا يحرم أقل من ثلاث,4,375,alqwl-alvalv-tvbt-alhrmp-bvlav-rdeat-fla-yhrm-ql-mn-vlav,5.1.1.3,242.0,[375]
2,246,القول الرابع: لا يحرم دون عشر رضعات,4,375,alqwl-alrabe-la-yhrm-dwn-er-rdeat,5.1.1.4,242.0,[375]
2,247,القول الخامس: لا يحرم إلا سبع رضعات,4,376,alqwl-alxams-la-yhrm-la-sbe-rdeat,5.1.1.5,242.0,[376]
2,248,القول السادس: الفرق بين أزواج النبي ﷺ وغيرهن,4,376,alqwl-alsads-alfrq-byn-zwaj-alnby-sly-allh-elyh-wslm-wgyrhn,5.1.1.6,242.0,"[376, 377, 378, 379, 380, 381, 382, 383, 384, 385, 386, 387, 388, 389, 390, 391, 392, 393, 394, 395]"
2,249,المسألة الثانية: ضابط الرضعة والرضعات.,3,396,almslp-alvanyp-dabt-alrdep-walrdeat,5.1.2,241.0,"[396, 397, 398, 399, 400, 401, 402]"
2,250,المسألة الثالثة: شرطية الموالاة في مدة الرضاع.,3,403,almslp-alvalvp-rtyp-almwalap-fy-mdp-alrdae,5.1.3,241.0,"[403, 404]"
2,251,المسألة الرابعة: إلغاء المدد في مقابل المتابعة.,3,405,almslp-alrabep-lga-almdd-fy-mqabl-almtabep,5.1.4,241.0,[405]
2,252,المسألة الخامسة: الشك في عدد الرضعات.,3,406,almslp-alxamsp-alk-fy-edd-alrdeat,5.1.5,241.0,"[406, 407]"
2,253,المسألة السادسة: الشك في وصول اللبن إلى الجوف.,3,408,almslp-alsadsp-alk-fy-wswl-allbn-ly-aljwf,5.1.6,241.0,"[408, 409]"
2,254,المسألة السابعة: اشتراط وصول اللبن على صفة واحدة عند من يقيد ثبوت التحريم بعدد.,3,410,almslp-alsabep-atrat-wswl-allbn-ely-sfp-wahdp-end-mn-yqyd-vbwt-althrym-bedd,5.1.7,241.0,[410]
2,255,المسألة الثامنة: اتحاد الفحل أوالقريب واختلاف المراضع.,3,410,almslp-alvamnp-athad-alfhl-walqryb-waxtlaf-almrade,5.1.8,241.0,"[410, 411, 412, 413, 414, 415, 416, 417, 418]"
2,256,المبحث الثاني علاقة الرجل مع المحرمات عليه بالرضاع,2,419,almbhv-alvany-elaqp-alrjl-me-almhrmat-elyh-balrdae,5.2,240.0,"[419, 420, 421, 422, 423, 424, 425]"
2,257,المطلب الأول حدود علاقة الرجل مع المحرمات عليه بالرضاع,3,421,almtlb-alwl-hdwd-elaqp-alrjl-me-almhrmat-elyh-balrdae,5.2.1,256.0,"[421, 422, 423]"
2,258,المطلب الثاني الفرق في علاقة الرجل بين المحرمات,3,424,almtlb-alvany-alfrq-fy-elaqp-alrjl-byn-almhrmat,5.2.2,256.0,"[424, 425]"
2,259,المطلب الثالث ممارسة الرجل للأعراف المجتمعية على المحرمات عليه بالرضاع,3,426,almtlb-alvalv-mmarsp-alrjl-lleraf-almjtmeyp-ely-almhrmat-elyh-balrdae,5.2.3,256.0,[426]
2,260,المبحث الثالث تعارض حق المرتضع مع حق غيره لدى المرضع,2,426,almbhv-alvalv-teard-hq-almrtde-me-hq-gyrh-ldy-almrde,5.3,240.0,"[426, 427, 428, 429, 430, 431, 432, 433, 434, 435, 436, 437, 438, 439]"
2,261,المطلب الأول تعارض حق الخالق مع حق المرتضع لدى المرضع,3,426,almtlb-alwl-teard-hq-alxalq-me-hq-almrtde-ldy-almrde,5.3.1,260.0,"[426, 427, 428, 429, 430, 431, 432, 433, 434, 435, 436]"
2,262,المسألة الأولى: حليب المرأة الميتة.,4,426,almslp-alwly-hlyb-almrp-almytp,5.3.1.1,261.0,"[426, 427, 428, 429, 430, 431, 432]"
2,263,المسألة الثانية: رجم الزانية المرضع.,4,433,almslp-alvanyp-rjm-alzanyp-almrde,5.3.1.2,261.0,"[433, 434, 435]"
2,264,المسألة الثالثة: صيام المرضع في رمضان.,4,436,almslp-alvalvp-syam-almrde-fy-rmdan,5.3.1.3,261.0,[436]
2,265,المطلب الثاني تعارض حق الآدميين مع حق المرتضع لدى المرضع,3,437,almtlb-alvany-teard-hq-aldmyyn-me-hq-almrtde-ldy-almrde,5.3.2,260.0,"[437, 438, 439]"
2,266,المبحث الرابع الإذن والرضى في الرضاعة,2,440,almbhv-alrabe-aln-walrdy-fy-alrdaep,5.4,240.0,"[440, 441, 442, 443, 444, 445, 446, 447, 448, 449, 450, 451]"
2,267,المطلب الأول إذن المرتضع - إذا كان كبيرا -,3,444,almtlb-alwl-n-almrtde-a-kan-kbyra-,5.4.1,266.0,[444]
2,268,الفرع الأول حكم إذن المرتضع,4,444,alfre-alwl-hkm-n-almrtde,5.4.1.1,267.0,[444]
2,269,الفرع الثاني أثر إذن المرتضع في انتشار المحرمية,4,444,alfre-alvany-vr-n-almrtde-fy-antar-almhrmyp,5.4.1.2,267.0,[444]
2,270,المطلب الثاني إذن أولياء المرتضع,3,445,almtlb-alvany-n-wlya-almrtde,5.4.2,266.0,"[445, 446, 447, 448, 449, 450, 451]"
2,271,الفرع الأول حكم إذن أولياء المرتضع,4,445,alfre-alwl-hkm-n-wlya-almrtde,5.4.2.1,270.0,[445]
2,272,الفرع الثاني أثر إذن أولياء المرتضع في انتشار المحرمية,4,446,alfre-alvany-vr-n-wlya-almrtde-fy-antar-almhrmyp,5.4.2.2,270.0,"[446, 447, 448, 449, 450, 451]"
2,273,المبحث الخامس إرضاع الكبير للحاجة وأثره في انتشار المحرمية,2,452,almbhv-alxams-rdae-alkbyr-llhajp-wvrh-fy-antar-almhrmyp,5.5,240.0,"[452, 453, 454, 455, 456, 457, 458, 459, 460, 461, 462, 463, 464, 465, 466, 467, 468, 469, 470, 471, 472, 473, 474, 475, 476, 477, 478, 479, 480, 481, 482]"
2,274,المطلب الأول إرضاع السائق,3,482,almtlb-alwl-rdae-alsaq,5.5.1,273.0,[482]
2,275,المطلب الثاني إرضاع الخادمة,3,482,almtlb-alvany-rdae-alxadmp,5.5.2,273.0,[482]
2,276,المطلب الثالث إرضاع اللقيط,3,482,almtlb-alvalv-rdae-allqyt,5.5.3,273.0,[482]
2,277,المبحث السادس إرضاع المصابة بالإيدز,2,483,almbhv-alsads-rdae-almsabp-balydz,5.6,240.0,"[483, 484, 485, 486, 487, 488, 489, 490, 491, 492, 493, 494, 495, 496, 497, 498, 499, 500, 501, 502]"
2,278,المطلب الأول حكم إرضاع المصابة بالإيدز,3,495,almtlb-alwl-hkm-rdae-almsabp-balydz,5.6.1,277.0,"[495, 496, 497, 498, 499, 500, 501]"
2,279,المطلب الثاني أثر رضاع المصابة بالإيدز في انتشار المحرمية,3,502,almtlb-alvany-vr-rdae-almsabp-balydz-fy-antar-almhrmyp,5.6.2,277.0,[502]
2,280,الفصل الرابع: الأحكام المتعلقة بوسائل الإثبات والتقاضي.,1,503,alfsl-alrabe-alhkam-almtelqp-bwsal-alvbat-waltqady,6,,"[503, 504, 505, 506, 507, 508, 509, 510, 511, 512, 513, 514, 515, 516, 517, 518, 519, 520, 521, 522, 523, 524, 525, 526, 527, 528, 529, 530, 531, 532, 533, 534, 535, 536, 537, 538, 539, 540, 541, 542, 543, 544, 545, 546, 547, 548, 549, 550, 551, 552, 553, 554, 555, 556, 557, 558, 559, 560, 561, 562, 563, 564, 565, 566]"
2,281,المبحث الأول أثر وسائل الإثبات على الرضاع في الزمن المعاصر,2,503,almbhv-alwl-vr-wsal-alvbat-ely-alrdae-fy-alzmn-almeasr,6.1,280.0,"[503, 504, 505, 506, 507, 508, 509, 510, 511, 512, 513, 514, 515, 516, 517, 518, 519, 520, 521, 522, 523, 524, 525, 526, 527, 528, 529, 530, 531, 532, 533, 534, 535, 536, 537, 538, 539, 540, 541, 542, 543, 544, 545, 546, 547, 548, 549, 550]"
2,282,المطلب الأول وسائل الإثبات التقليدية,3,503,almtlb-alwl-wsal-alvbat-altqlydyp,6.1.1,281.0,"[503, 504, 505, 506, 507, 508, 509, 510, 511, 512, 513, 514, 515, 516, 517, 518, 519, 520, 521, 522, 523, 524, 525, 526, 527, 528, 529, 530, 531, 532, 533, 534, 535, 536, 537, 538, 539, 540, 541, 542, 543, 544, 545, 546, 547, 548]"
2,283,دلت الشريعة الإسلامية على وسائل إثبات الرضاعة، وهي,4,503,dlt-alryep-alslamyp-ely-wsal-vbat-alrdaep-why,6.1.1.1,282.0,"[503, 504, 505, 506, 507, 508, 509, 510, 511, 512, 513, 514, 515, 516, 517, 518, 519, 520, 521, 522, 523, 524, 525, 526, 527, 528, 529, 530, 531, 532, 533, 534, 535, 536, 537, 538, 539, 540, 541, 542, 543, 544, 545, 546, 547, 548]"
2,284,الوسيلة الأولى: الشهادة.,5,503,alwsylp-alwly-alhadp,6.1.1.1.1,283.0,"[503, 504, 505, 506, 507, 508, 509, 510, 511, 512, 513, 514, 515, 516, 517, 518, 519, 520, 521, 522, 523, 524, 525, 526]"
2,285,المسألة الأولى: النظر إلى الثدي لتحمل الشهادة.,6,517,almslp-alwly-alnzr-ly-alvdy-lthml-alhadp,6.1.1.1.1.1,284.0,[517]
2,286,المسألة الثانية: أثر ثبوت الشهادة بين زوجين.,6,518,almslp-alvanyp-vr-vbwt-alhadp-byn-zwjyn,6.1.1.1.1.2,284.0,[518]
2,287,المسألة الثالثة: في وصول اللبن إلى الجوف.,6,518,almslp-alvalvp-fy-wswl-allbn-ly-aljwf,6.1.1.1.1.3,284.0,"[518, 519, 520]"
2,288,المسألة الرابعة: صيغة الشهادة.,6,521,almslp-alrabep-sygp-alhadp,6.1.1.1.1.4,284.0,[521]
2,289,المسألة الخامسة: وقوع الفرقة.,6,522,almslp-alxamsp-wqwe-alfrqp,6.1.1.1.1.5,284.0,[522]
2,290,المسألة السادسة: شهادة أم أحد الزوجين أو أبوه.,6,523,almslp-alsadsp-hadp-m-hd-alzwjyn-w-bwh,6.1.1.1.1.6,284.0,"[523, 524]"
2,291,المسألة السابعة: شهادة البنت أوبنت الزوجة.,6,525,almslp-alsabep-hadp-albnt-wbnt-alzwjp,6.1.1.1.1.7,284.0,"[525, 526]"
2,292,المسألة الثامنة: شهادة الحواشي.,6,527,almslp-alvamnp-hadp-alhway,6.1.1.1.1.8,284.0,[527]
2,293,الوسيلة الثانية: الإقرار.,5,527,alwsylp-alvanyp-alqrar,6.1.1.1.2,283.0,"[527, 528, 529, 530, 531, 532, 533, 534, 535, 536, 537, 538, 539, 540, 541, 542, 543, 544, 545, 546, 547, 548]"
2,294,المسألة الأولى: عدد المقرين.,6,527,almslp-alwly-edd-almqryn,6.1.1.1.2.1,293.0,[527]
2,295,المسألة الثانية: ذكر عدد الرضعات وأوقاتها.,6,527,almslp-alvanyp-kr-edd-alrdeat-wwqatha,6.1.1.1.2.2,293.0,[527]
2,296,المسألة الثالثة: في وصول اللبن إلى الجوف.,6,528,almslp-alvalvp-fy-wswl-allbn-ly-aljwf,6.1.1.1.2.3,293.0,[528]
2,297,المسألة الرابعة: صيغة الإقرار.,6,529,almslp-alrabep-sygp-alqrar,6.1.1.1.2.4,293.0,"[529, 530]"
2,298,المسألة الخامسة: اشتراط لبن يعرف للمرضع مثله.,6,531,almslp-alxamsp-atrat-lbn-yerf-llmrde-mvlh,6.1.1.1.2.5,293.0,[531]
2,299,المسألة السادسة: شرط تصديق الطرف الرضاعي الآخر لثبوت الإقرار بالرضاع.,6,532,almslp-alsadsp-rt-tsdyq-altrf-alrdaey-alxr-lvbwt-alqrar-balrdae,6.1.1.1.2.6,293.0,[532]
2,300,المسألة السابعة: تسمية المرضع.,6,532,almslp-alsabep-tsmyp-almrde,6.1.1.1.2.7,293.0,"[532, 533, 534, 535, 536, 537, 538, 539, 540, 541, 542, 543, 544, 545, 546, 547, 548]"
2,301,المطلب الثاني وسائل الإثبات الحديثة,3,549,almtlb-alvany-wsal-alvbat-alhdyvp,6.1.2,281.0,"[549, 550]"
2,302,المبحث الثاني أثر الرضاع على وسائل الإثبات والتقاضي,2,551,almbhv-alvany-vr-alrdae-ely-wsal-alvbat-waltqady,6.2,280.0,"[551, 552]"
2,303,المطلب الأول الشهادة للقريب من الرضاع,3,551,almtlb-alwl-alhadp-llqryb-mn-alrdae,6.2.1,302.0,[551]
2,304,المطلب الثاني حكم الحاكم لقريبه من الرضاع,3,551,almtlb-alvany-hkm-alhakm-lqrybh-mn-alrdae,6.2.2,302.0,"[551, 552]"
2,305,المبحث الثالث الإشهاد على الرضاع,2,553,almbhv-alvalv-alhad-ely-alrdae,6.3,280.0,"[553, 554, 555, 556, 557, 558, 559, 560, 561, 562, 563, 564, 565, 566]"
2,306,المطلب الأول إشهاد المرضع على من أرضعته في الزمن المعاصر,3,553,almtlb-alwl-had-almrde-ely-mn-rdeth-fy-alzmn-almeasr,6.3.1,305.0,"[553, 554, 555]"
2,307,الفرع الأول حكم إشهاد المرضع على من أرضعته,4,554,alfre-alwl-hkm-had-almrde-ely-mn-rdeth,6.3.1.1,306.0,[554]
2,308,الفرع الثاني ما يجزئ لإشهاد المرضع على من أرضعته,4,555,alfre-alvany-ma-yjz-lhad-almrde-ely-mn-rdeth,6.3.1.2,306.0,[555]
2,309,المطلب الثاني أثر التقادم على وسائل الإثبات,3,556,almtlb-alvany-vr-altqadm-ely-wsal-alvbat,6.3.2,305.0,[556]
2,310,المطلب الثالث الرجوع عن الإقرار بشهادة الرضاع,3,557,almtlb-alvalv-alrjwe-en-alqrar-bhadp-alrdae,6.3.3,305.0,"[557, 558, 559, 560]"
2,311,المطلب الرابع تعارض البينات,3,561,almtlb-alrabe-teard-albynat,6.3.4,305.0,"[561, 562]"
2,312,المطلب الخامس توثيق حالات الرضاع في السجلات الرسمية لدى المحاكم,3,563,almtlb-alxams-twvyq-halat-alrdae-fy-alsjlat-alrsmyp-ldy-almhakm,6.3.5,305.0,"[563, 564, 565, 566]"
2,313,الخاتمة,1,567,alxatmp,7,,"[567, 568, 569, 570, 571]"
2,314,أولا: النتائج.,2,567,wla-alntaj,7.1,313.0,"[567, 568, 569, 570]"
2,315,ثانيا: التوصيات.,2,571,vanya-altwsyat,7.2,313.0,[571]
2,316,فهرس المراجع والمصادر,1,572,fhrs-almraje-walmsadr,8,,[572]
